temperature_c,humidity_pct,distance_mm_day,tilt_deg,risk_level
26.94,65.22,0.04,-0.831,SAFE
29.57,70.67,0.15,0.654,SAFE
24.3,48.6,2.824,0.317,WARNING
24.3,72.11,0.082,0.136,SAFE
29.74,40.0,0.089,-0.677,SAFE
27.3,57.44,0.129,0.486,SAFE
23.59,59.14,0.095,-0.604,SAFE
26.63,72.6,0.147,-0.082,SAFE
23.61,65.27,4.251,1.158,WARNING
23.6,48.13,0.138,-0.529,SAFE
25.73,53.18,0.252,-1.258,SAFE
19.26,67.38,0.147,-0.842,SAFE
19.83,64.05,0.105,0.795,SAFE
23.31,58.05,0.123,0.204,SAFE
21.96,59.23,0.092,-0.103,SAFE
25.94,73.35,0.169,-0.407,SAFE
22.28,58.79,0.228,0.388,SAFE
20.76,63.94,0.069,-0.679,SAFE
29.4,91.04,2.401,0.245,WARNING
24.32,47.92,0.207,-0.585,SAFE
25.2,42.78,0.123,-0.718,SAFE
20.73,74.4,0.136,-0.51,SAFE
23.37,56.86,1.084,-0.3,WARNING
25.33,61.18,0.433,-0.039,SAFE
21.55,55.63,0.112,0.188,SAFE
26.13,61.88,1.944,-2.951,WARNING
23.2,84.18,0.552,-0.646,WARNING
24.12,74.63,0.144,-0.313,SAFE
23.19,75.35,0.062,1.204,SAFE
30.56,48.01,1.197,-0.864,WARNING
24.96,51.19,0.134,0.13,SAFE
21.83,40.0,0.18,1.196,SAFE
27.47,55.29,0.105,-1.05,SAFE
21.34,76.48,0.114,0.315,SAFE
25.63,71.2,0.072,-0.642,SAFE
19.12,62.34,0.137,-0.404,SAFE
21.02,64.73,0.153,-0.642,SAFE
25.59,56.73,1.113,-0.585,WARNING
27.22,67.46,1.581,2.178,WARNING
25.51,74.19,0.123,0.676,SAFE
24.65,45.61,0.062,0.881,SAFE
24.1,68.6,0.138,0.394,SAFE
20.56,76.19,0.137,-1.285,SAFE
22.84,60.02,0.219,0.316,SAFE
23.62,73.41,0.281,0.858,SAFE
28.17,95.0,1.613,-0.683,WARNING
26.03,63.75,0.282,0.772,SAFE
19.71,69.72,0.284,0.563,SAFE
25.97,56.14,0.23,1.482,SAFE
23.84,67.18,0.175,-0.334,SAFE
22.97,70.52,0.066,-0.878,SAFE
26.84,67.34,0.176,-0.289,SAFE
28.09,52.76,0.197,1.148,SAFE
27.79,67.48,0.167,-1.463,SAFE
22.48,82.55,1.275,-1.655,WARNING
24.07,70.38,0.089,0.072,SAFE
25.99,76.54,0.195,-0.354,SAFE
27.93,62.16,0.117,0.006,SAFE
23.56,74.0,2.163,0.756,WARNING
24.44,68.35,0.061,-0.442,SAFE
21.68,53.59,0.189,-1.498,SAFE
21.41,68.82,1.213,1.636,WARNING
27.44,53.1,2.289,-0.798,WARNING
29.07,57.41,0.196,-0.847,SAFE
24.78,67.27,1.158,0.883,WARNING
28.01,68.57,0.139,-0.308,SAFE
26.08,50.73,0.107,-0.051,SAFE
23.06,77.65,0.325,0.386,SAFE
26.08,71.86,0.025,0.867,SAFE
29.61,56.54,0.038,-0.267,SAFE
24.89,46.55,4.111,1.216,WARNING
29.69,63.26,1.473,-1.709,WARNING
17.14,59.65,0.194,0.608,SAFE
27.47,66.36,0.148,-0.672,SAFE
25.26,60.64,0.101,1.098,SAFE
24.1,40.91,0.139,0.114,SAFE
25.28,60.34,0.229,-0.538,SAFE
19.04,61.33,0.095,0.53,SAFE
24.34,72.6,0.171,0.715,SAFE
26.07,56.62,0.181,0.514,SAFE
29.43,85.14,0.777,-0.824,WARNING
23.45,42.06,2.615,-0.387,WARNING
22.57,80.73,0.087,-0.003,SAFE
23.49,62.31,0.069,-0.033,SAFE
27.75,75.32,2.851,0.6,WARNING
25.99,65.96,1.916,-1.612,WARNING
23.41,78.67,0.068,0.267,SAFE
26.54,60.35,0.175,-0.232,SAFE
25.29,51.82,0.135,-0.671,SAFE
27.91,82.05,0.5,-0.594,WARNING
22.89,63.64,4.966,-0.172,WARNING
24.02,67.66,2.211,-2.881,WARNING
23.82,79.82,0.157,-0.561,SAFE
20.61,52.62,0.196,-0.701,SAFE
25.89,72.15,0.058,0.426,SAFE
25.78,57.92,0.091,-0.644,SAFE
25.02,63.41,0.076,-0.172,SAFE
24.3,65.87,0.171,1.234,SAFE
20.75,47.0,0.065,0.795,SAFE
23.74,55.65,0.219,0.722,SAFE
23.97,81.21,0.108,-0.4,SAFE
22.59,75.63,0.089,0.434,SAFE
24.52,64.25,0.135,-0.187,SAFE
26.21,67.92,0.109,-0.157,SAFE
30.66,61.47,0.069,0.328,SAFE
25.52,81.28,3.522,-0.478,WARNING
25.77,62.6,0.142,1.194,SAFE
24.78,67.78,0.293,-0.128,SAFE
19.24,78.75,0.082,0.495,SAFE
24.92,55.67,3.819,1.164,WARNING
25.18,83.71,1.456,0.825,WARNING
32.39,46.63,2.985,-1.127,WARNING
24.42,84.56,0.065,0.356,SAFE
25.9,60.53,0.251,0.681,SAFE
24.9,62.09,2.364,0.713,WARNING
21.49,42.32,0.132,-0.891,SAFE
28.43,59.54,1.007,-0.526,WARNING
27.26,52.52,0.146,0.796,SAFE
27.37,57.71,3.447,-0.609,WARNING
22.27,63.35,0.101,-0.24,SAFE
29.21,76.49,0.136,1.261,SAFE
20.79,67.49,0.105,-0.038,SAFE
26.76,68.69,0.105,-0.581,SAFE
31.57,51.85,2.628,-0.702,WARNING
22.03,54.43,0.077,0.266,SAFE
23.3,86.58,2.245,-1.067,WARNING
25.3,56.18,0.232,-0.198,SAFE
23.49,84.87,0.037,0.267,SAFE
20.35,62.08,0.097,1.039,SAFE
25.21,65.03,0.036,0.534,SAFE
21.81,77.84,0.178,-0.571,SAFE
26.42,80.26,0.5,0.943,WARNING
22.24,63.67,0.143,-0.24,SAFE
29.65,60.34,0.206,-0.989,SAFE
22.65,64.33,0.137,-0.138,SAFE
24.03,69.06,2.252,1.151,WARNING
27.44,75.7,0.03,0.132,SAFE
21.31,65.05,0.054,0.01,SAFE
25.68,72.43,0.197,1.31,SAFE
28.92,84.66,1.282,-1.145,WARNING
20.18,69.58,0.113,-1.028,SAFE
25.55,68.74,0.204,-1.293,SAFE
25.78,46.77,0.036,0.298,SAFE
27.35,40.0,0.16,0.133,SAFE
21.29,69.66,1.63,1.234,WARNING
21.04,63.86,0.184,0.195,SAFE
26.57,58.82,0.086,-0.323,SAFE
25.89,67.92,2.388,0.001,WARNING
25.75,64.28,0.177,0.094,SAFE
26.04,78.53,0.98,-1.337,WARNING
22.96,66.03,1.979,2.168,WARNING
25.7,56.04,0.042,0.416,SAFE
25.88,76.88,0.129,0.168,SAFE
22.86,62.39,0.109,0.492,SAFE
30.6,71.32,1.41,0.568,WARNING
26.42,59.27,0.038,-0.112,SAFE
21.43,57.2,0.117,-0.505,SAFE
26.97,66.01,0.137,0.48,SAFE
22.08,65.15,0.097,0.309,SAFE
27.36,70.76,0.291,-0.648,SAFE
28.48,61.78,0.191,1.135,SAFE
22.54,42.96,0.115,0.235,SAFE
27.89,59.81,1.794,0.584,WARNING
26.24,74.53,0.093,1.114,SAFE
27.47,61.43,0.113,0.018,SAFE
30.69,62.04,0.093,0.254,SAFE
24.26,76.84,0.075,0.648,SAFE
22.74,56.46,0.254,-0.58,SAFE
22.33,46.49,0.237,0.043,SAFE
22.55,63.07,0.132,0.1,SAFE
24.77,59.19,0.103,-0.765,SAFE
26.02,53.41,1.534,1.854,WARNING
25.83,62.9,2.395,-1.126,WARNING
27.48,70.9,0.5,-1.038,WARNING
25.04,64.89,3.873,1.051,WARNING
29.36,68.68,0.109,0.571,SAFE
24.21,86.76,1.079,-0.821,WARNING
33.16,60.89,3.565,0.486,WARNING
26.88,68.34,0.15,1.174,SAFE
22.43,58.89,0.142,-0.024,SAFE
21.79,54.84,2.219,2.079,WARNING
26.45,57.98,0.102,-1.379,SAFE
24.33,59.25,1.362,0.555,WARNING
27.14,69.31,2.065,0.933,WARNING
26.42,93.19,2.082,0.713,WARNING
24.78,56.41,0.049,-0.163,SAFE
22.46,60.0,0.118,-0.232,SAFE
20.46,64.24,0.102,0.355,SAFE
23.66,69.75,0.908,0.653,WARNING
27.57,68.16,0.08,0.482,SAFE
25.64,80.41,0.998,0.832,WARNING
21.26,40.0,0.107,-0.815,SAFE
25.52,40.0,0.388,-0.182,SAFE
26.16,59.05,0.053,-0.752,SAFE
22.35,78.17,0.015,-0.309,SAFE
25.46,46.21,0.11,0.812,SAFE
25.17,40.0,0.152,0.086,SAFE
21.57,71.85,2.914,2.085,WARNING
33.37,77.0,2.731,0.765,WARNING
28.64,56.69,1.707,1.585,WARNING
34.27,59.84,2.56,0.225,WARNING
34.63,57.49,8.788,-0.15,DANGER
22.16,74.91,0.241,1.108,SAFE
29.29,64.72,3.881,2.253,WARNING
33.91,74.71,1.607,1.578,WARNING
31.63,42.93,4.025,0.5,WARNING
34.87,56.97,9.321,1.852,DANGER
44.75,58.89,12.315,0.893,DANGER
32.94,70.68,4.991,1.352,WARNING
33.63,67.74,9.531,2.005,DANGER
32.14,81.67,4.177,0.479,WARNING
33.21,46.87,8.086,1.582,DANGER
31.62,71.36,10.359,2.289,DANGER
33.16,83.22,4.623,-0.599,WARNING
24.92,94.09,10.393,0.863,DANGER
33.56,68.12,12.508,1.373,DANGER
30.76,74.34,12.687,1.391,DANGER
31.43,53.24,11.574,1.932,DANGER
40.7,47.71,10.156,1.959,DANGER
29.59,87.56,4.758,1.008,WARNING
28.7,76.74,5.0,3.019,WARNING
28.38,87.35,8.293,3.814,DANGER
28.18,58.04,13.153,2.619,DANGER
36.82,79.69,5.0,-0.055,WARNING
33.1,93.47,9.512,1.999,DANGER
30.79,77.97,11.21,2.299,DANGER
29.71,79.63,9.92,1.625,DANGER
31.25,77.0,12.268,1.7,DANGER
29.97,57.72,10.39,2.546,DANGER
34.63,91.69,17.791,2.353,DANGER
35.43,72.0,13.005,1.972,DANGER
29.07,82.98,5.0,1.097,WARNING
41.96,60.29,11.17,2.326,DANGER
34.18,57.67,11.687,2.309,DANGER
28.32,82.8,15.46,2.786,DANGER
33.32,74.23,15.072,3.312,DANGER
32.26,90.92,13.044,2.207,DANGER
38.32,76.38,12.035,2.831,DANGER
29.25,55.15,15.552,3.027,DANGER
32.48,93.83,16.062,3.456,DANGER
36.17,72.69,11.492,2.668,DANGER
41.79,87.66,15.6,1.891,DANGER
29.16,81.79,14.723,2.718,DANGER
37.67,61.77,13.17,2.111,DANGER
37.28,79.99,12.539,2.084,DANGER
32.64,95.0,11.279,4.092,DANGER
39.6,82.38,16.485,4.108,DANGER
34.83,80.28,11.871,2.161,DANGER
21.22,77.9,0.106,0.174,SAFE
27.75,67.53,0.791,-0.66,WARNING
31.37,67.51,0.553,0.563,WARNING
28.1,51.9,0.07,-0.062,SAFE
20.44,67.81,0.068,-0.221,SAFE
23.55,77.43,0.09,-0.289,SAFE
28.8,54.97,0.114,-0.05,SAFE
22.88,82.09,4.548,-0.358,WARNING
26.33,63.9,1.064,0.527,WARNING
27.32,54.35,0.038,-0.316,SAFE
22.22,76.97,0.144,1.274,SAFE
24.82,61.56,0.033,1.172,SAFE
15.28,74.11,0.146,-0.713,SAFE
21.93,61.5,0.081,0.056,SAFE
24.24,64.28,3.144,-0.521,WARNING
21.26,70.92,0.201,-0.261,SAFE
29.9,68.49,0.919,1.602,WARNING
20.71,41.05,0.069,-0.246,SAFE
23.68,51.55,0.149,0.288,SAFE
25.39,76.15,0.108,0.433,SAFE
29.32,63.41,0.192,-0.801,SAFE
20.69,58.72,0.145,-0.684,SAFE
28.49,48.7,0.084,-0.965,SAFE
25.03,52.04,0.147,-0.709,SAFE
22.06,40.74,1.868,-2.28,WARNING
26.39,63.78,0.214,0.436,SAFE
25.6,57.82,0.988,1.643,WARNING
23.2,53.4,0.223,0.118,SAFE
25.21,64.18,0.078,-1.133,SAFE
23.84,69.37,0.156,-0.514,SAFE
25.34,90.12,1.388,-0.367,WARNING
26.99,46.86,0.126,-0.814,SAFE
29.76,78.91,0.103,0.688,SAFE
21.29,76.68,0.075,0.648,SAFE
31.4,55.65,3.006,-0.924,WARNING
19.14,67.44,0.159,0.58,SAFE
24.54,59.51,0.162,1.221,SAFE
26.76,67.23,2.652,1.522,WARNING
25.84,83.11,2.462,2.292,WARNING
23.13,72.27,0.107,-0.722,SAFE
24.38,71.1,1.558,2.259,WARNING
23.52,59.84,0.188,-0.283,SAFE
23.23,47.19,0.156,-0.474,SAFE
27.55,62.5,0.053,0.262,SAFE
26.07,79.48,0.13,-0.466,SAFE
22.92,46.67,0.181,0.319,SAFE
27.7,52.34,0.112,-1.056,SAFE
25.92,66.52,0.5,-0.191,SAFE
27.44,53.18,0.139,1.028,SAFE
26.89,55.49,0.182,-0.046,SAFE
22.51,59.92,0.095,0.113,SAFE
23.32,48.61,0.076,0.38,SAFE
27.24,53.31,3.021,0.937,WARNING
26.83,73.44,0.214,-1.324,SAFE
24.94,49.31,0.132,0.468,SAFE
25.35,45.83,0.13,-0.215,SAFE
28.83,57.44,0.052,0.133,SAFE
23.23,73.78,0.038,0.848,SAFE
26.64,62.64,0.152,-0.955,SAFE
24.39,59.43,0.054,-0.81,SAFE
24.35,65.53,0.954,-1.548,WARNING
28.3,44.05,0.135,-0.439,SAFE
27.48,70.94,0.139,1.064,SAFE
27.44,69.6,0.145,-0.096,SAFE
28.92,60.09,0.121,-1.072,SAFE
25.06,77.07,0.044,-0.389,SAFE
27.05,51.47,3.036,-1.19,WARNING
24.07,78.53,0.117,-0.9,SAFE
25.97,66.85,0.243,0.311,SAFE
24.61,60.96,0.218,-0.939,SAFE
25.29,64.76,0.171,0.89,SAFE
26.79,63.71,0.061,-0.057,SAFE
22.55,79.64,0.194,0.068,SAFE
31.28,52.08,1.607,-0.223,WARNING
21.98,55.85,0.133,0.618,SAFE
21.36,77.44,0.1,0.627,SAFE
28.47,57.85,0.041,0.268,SAFE
27.37,75.81,0.073,0.452,SAFE
26.87,85.39,0.089,-0.17,SAFE
26.89,60.18,0.199,0.434,SAFE
24.96,73.18,0.075,-0.27,SAFE
22.31,51.16,0.117,0.002,SAFE
25.23,74.06,0.109,-0.22,SAFE
22.97,67.39,0.099,-0.366,SAFE
27.93,70.68,2.24,-0.551,WARNING
24.56,57.25,0.063,0.374,SAFE
22.52,45.07,0.16,1.048,SAFE
24.04,71.04,0.081,0.937,SAFE
26.24,40.24,0.142,-1.005,SAFE
23.31,61.19,0.078,1.031,SAFE
22.53,76.29,0.247,-0.255,SAFE
25.73,67.3,0.109,0.481,SAFE
25.73,88.38,3.509,-0.725,WARNING
23.48,77.3,0.077,0.114,SAFE
23.59,57.15,0.117,0.251,SAFE
25.7,65.33,0.099,-1.188,SAFE
20.66,64.43,0.273,0.487,SAFE
20.78,46.01,0.15,1.077,SAFE
22.84,53.72,0.047,-0.14,SAFE
24.36,58.27,0.273,1.088,SAFE
25.93,40.57,0.026,-0.152,SAFE
29.43,65.57,0.139,0.68,SAFE
27.57,62.01,3.513,-1.775,WARNING
24.52,44.93,1.684,1.935,WARNING
24.94,69.85,0.15,1.196,SAFE
21.99,73.59,0.182,-0.228,SAFE
24.94,67.72,1.387,-1.578,WARNING
24.13,61.11,0.073,0.23,SAFE
25.97,72.1,1.178,-1.155,WARNING
22.52,73.16,0.03,0.356,SAFE
26.56,68.69,0.186,0.329,SAFE
29.6,55.1,2.489,-0.753,WARNING
24.67,68.32,4.107,0.897,WARNING
26.21,79.35,0.166,0.644,SAFE
27.07,57.84,0.14,0.781,SAFE
23.8,90.18,2.318,0.007,WARNING
25.67,58.69,0.131,-1.132,SAFE
25.04,65.39,1.0,0.782,WARNING
25.29,56.93,0.194,-0.216,SAFE
22.68,67.68,0.175,-1.112,SAFE
25.07,44.09,0.164,1.082,SAFE
26.49,58.45,1.948,1.68,WARNING
29.35,51.89,0.063,-0.033,SAFE
27.88,66.62,1.862,1.727,WARNING
31.46,76.93,0.177,0.073,SAFE
22.7,72.75,0.083,-0.304,SAFE
27.62,40.0,0.107,-0.504,SAFE
25.55,89.5,2.536,1.31,WARNING
31.57,68.54,2.147,-0.624,WARNING
22.58,55.68,0.157,0.588,SAFE
22.48,66.89,0.243,-0.447,SAFE
23.2,67.11,0.163,-0.368,SAFE
18.63,57.0,0.077,0.824,SAFE
23.42,67.38,0.082,-0.304,SAFE
22.72,57.71,0.092,-0.324,SAFE
25.45,60.15,0.131,0.906,SAFE
26.03,56.76,0.093,1.278,SAFE
30.63,47.81,0.787,0.516,WARNING
27.85,66.75,0.114,-0.524,SAFE
23.27,72.02,0.138,-0.408,SAFE
22.3,71.18,3.039,0.064,WARNING
26.48,74.84,0.0,0.257,SAFE
21.04,68.89,0.115,-0.79,SAFE
30.49,58.61,2.16,0.578,WARNING
28.54,75.08,0.085,0.068,SAFE
23.59,48.71,3.46,-1.373,WARNING
19.86,54.19,0.135,-0.743,SAFE
29.06,53.43,0.083,-0.403,SAFE
24.66,77.96,0.167,-0.058,SAFE
28.71,76.31,0.868,1.511,WARNING
20.22,70.85,0.086,0.191,SAFE
23.2,77.86,0.039,-0.673,SAFE
25.02,54.45,0.2,0.177,SAFE
25.14,69.18,0.133,-0.282,SAFE
23.65,63.5,0.204,0.26,SAFE
26.87,75.16,0.105,0.464,SAFE
21.8,63.62,0.197,0.967,SAFE
24.57,60.38,0.229,-0.019,SAFE
25.36,71.49,0.126,1.311,SAFE
26.54,75.51,0.116,0.726,SAFE
27.13,56.98,0.1,-0.566,SAFE
21.63,64.27,7.268,1.768,DANGER
20.4,52.3,0.194,0.262,SAFE
28.83,40.0,0.204,-0.668,SAFE
26.0,67.41,0.283,1.322,SAFE
22.75,72.31,1.291,1.662,WARNING
29.65,68.14,0.09,-0.026,SAFE
25.35,41.61,0.135,-0.403,SAFE
28.54,60.79,0.209,-0.138,SAFE
25.2,40.0,0.125,0.572,SAFE
31.18,81.44,1.186,1.022,WARNING
30.27,51.97,0.252,0.456,SAFE
24.25,80.06,0.126,0.081,SAFE
27.91,76.35,0.153,1.198,SAFE
26.94,54.19,0.103,-0.25,SAFE
29.11,51.41,0.053,0.825,SAFE
22.11,69.2,0.183,-0.23,SAFE
27.06,54.87,0.026,0.345,SAFE
28.18,66.23,0.107,-0.091,SAFE
19.72,59.21,0.315,-0.045,SAFE
21.45,43.63,0.154,-0.302,SAFE
18.88,40.0,4.285,1.076,WARNING
24.19,67.72,3.797,-0.586,WARNING
27.15,58.26,0.115,-0.592,SAFE
29.51,58.36,1.446,1.697,WARNING
25.22,73.35,0.173,0.782,SAFE
29.89,79.08,1.653,-1.908,WARNING
20.86,61.73,0.011,-0.452,SAFE
19.89,60.91,0.173,-1.45,SAFE
24.83,71.0,0.5,-0.761,WARNING
26.15,48.72,9.114,-2.511,DANGER
24.9,67.68,0.085,-0.11,SAFE
18.8,71.62,0.13,-0.914,SAFE
24.73,73.16,0.059,0.048,SAFE
21.09,41.76,3.247,-1.3,WARNING
27.01,55.86,0.149,0.066,SAFE
26.1,54.46,0.161,-0.332,SAFE
22.18,66.2,0.103,1.202,SAFE
23.46,70.77,0.134,1.129,SAFE
21.82,82.96,0.899,0.628,WARNING
24.81,59.06,0.104,-0.261,SAFE
27.87,59.03,1.407,1.588,WARNING
22.04,78.8,0.141,-1.242,SAFE
26.51,68.56,0.123,-1.123,SAFE
23.41,80.21,3.524,-0.067,WARNING
22.62,68.46,0.637,1.803,WARNING
24.68,51.11,0.284,-0.162,SAFE
21.89,49.0,0.051,-0.147,SAFE
23.34,46.38,0.145,-1.154,SAFE
21.41,72.94,0.091,0.757,SAFE
30.89,79.26,1.878,0.763,WARNING
25.11,87.19,1.522,0.631,WARNING
22.9,75.12,0.076,-0.503,SAFE
25.64,78.95,0.04,-0.565,SAFE
24.66,58.04,0.189,-1.034,SAFE
24.34,51.12,0.199,0.067,SAFE
26.84,75.2,0.231,-0.864,SAFE
27.27,70.01,0.021,-0.942,SAFE
23.41,66.29,0.081,-0.339,SAFE
23.27,69.65,0.139,-0.391,SAFE
24.17,68.88,0.147,-0.43,SAFE
18.09,80.41,1.179,0.373,WARNING
20.45,80.54,0.087,0.063,SAFE
29.1,71.53,0.115,-0.231,SAFE
29.93,75.15,0.125,0.146,SAFE
24.25,71.17,0.067,-0.793,SAFE
26.73,59.47,0.158,0.084,SAFE
25.93,74.08,0.098,0.12,SAFE
34.24,48.27,3.151,-1.202,WARNING
28.36,77.65,0.207,0.797,SAFE
24.62,50.67,0.029,-0.705,SAFE
22.13,68.43,2.425,0.072,WARNING
20.18,54.86,2.624,0.932,WARNING
25.61,71.64,0.162,0.741,SAFE
22.73,64.59,0.071,0.027,SAFE
20.73,45.86,0.358,-0.29,SAFE
23.06,70.05,0.136,0.758,SAFE
21.76,58.06,3.231,0.54,WARNING
30.06,75.57,0.049,-0.495,SAFE
27.64,65.02,0.5,-0.636,WARNING
24.98,69.75,1.679,-1.658,WARNING
29.44,53.51,0.087,0.123,SAFE
25.23,57.93,0.128,-0.066,SAFE
22.42,59.5,5.0,0.909,WARNING
29.57,75.28,0.117,0.287,SAFE
26.62,85.13,0.5,1.067,WARNING
21.89,55.34,0.159,-0.558,SAFE
24.43,77.92,0.116,0.911,SAFE
22.37,40.0,0.111,-0.423,SAFE
20.85,50.67,0.188,0.622,SAFE
27.78,53.49,0.287,-1.167,SAFE
30.73,48.77,0.197,0.188,SAFE
20.8,46.0,1.195,-1.588,WARNING
26.69,69.96,0.042,-0.214,SAFE
23.05,62.43,0.301,0.352,SAFE
23.54,69.55,0.17,-0.417,SAFE
23.22,73.29,1.608,-0.84,WARNING
22.41,68.19,0.029,0.677,SAFE
25.15,72.89,0.177,-0.083,SAFE
22.51,64.17,0.126,-0.392,SAFE
25.81,50.76,0.078,0.034,SAFE
24.85,77.69,2.949,2.109,WARNING
24.28,57.93,0.139,0.923,SAFE
22.28,53.77,0.168,0.93,SAFE
23.27,62.86,0.1,0.348,SAFE
27.27,54.05,0.114,0.133,SAFE
26.5,59.99,0.987,-1.917,WARNING
22.07,69.13,0.738,-0.543,WARNING
25.3,69.18,0.124,-0.384,SAFE
27.25,54.23,3.284,-1.5,WARNING
19.99,59.15,2.866,-0.926,WARNING
26.63,77.89,1.063,-1.585,WARNING
23.01,70.96,0.23,-0.031,SAFE
26.71,89.9,1.549,0.655,WARNING
22.71,79.16,4.081,0.885,WARNING
19.59,78.73,0.131,0.332,SAFE
20.12,48.35,0.116,-0.771,SAFE
25.14,74.17,0.937,-1.546,WARNING
25.78,64.36,1.99,-1.405,WARNING
22.29,58.39,3.756,-1.015,WARNING
26.92,67.02,0.196,-0.711,SAFE
20.02,76.34,0.117,-0.128,SAFE
24.8,71.01,0.023,-0.811,SAFE
21.37,54.46,0.182,0.271,SAFE
23.04,73.91,0.093,-0.186,SAFE
25.14,57.35,0.096,0.008,SAFE
22.42,67.6,3.286,0.912,WARNING
23.85,61.36,0.095,-0.944,SAFE
28.02,62.37,0.089,0.335,SAFE
23.27,74.19,0.251,-0.011,SAFE
27.51,52.52,0.073,-0.267,SAFE
21.61,88.34,0.5,0.708,WARNING
26.59,43.15,0.099,0.703,SAFE
29.32,57.83,0.251,-0.757,SAFE
17.59,69.44,0.134,-0.146,SAFE
22.61,72.01,0.284,0.225,SAFE
26.73,63.79,0.212,-0.218,SAFE
24.39,64.31,0.125,0.468,SAFE
26.11,69.93,0.099,0.225,SAFE
23.19,62.23,0.695,1.466,WARNING
25.26,81.72,1.273,-1.224,WARNING
24.53,75.07,0.093,-0.098,SAFE
28.5,75.47,3.522,-0.727,WARNING
25.76,53.41,0.023,0.483,SAFE
26.01,64.05,0.124,-1.294,SAFE
23.76,61.39,0.082,0.277,SAFE
23.54,52.93,1.183,-0.504,WARNING
23.7,69.32,0.084,-0.587,SAFE
26.18,58.55,0.06,-1.157,SAFE
23.74,72.86,0.155,-0.372,SAFE
25.87,52.16,0.251,0.868,SAFE
31.23,85.63,0.774,-0.02,WARNING
27.61,54.24,0.122,0.502,SAFE
24.02,67.63,0.235,1.332,SAFE
28.6,74.5,0.212,0.211,SAFE
23.78,58.15,0.103,-0.447,SAFE
18.89,75.23,0.194,0.374,SAFE
21.98,50.25,0.139,-0.435,SAFE
19.39,82.43,0.136,-0.404,SAFE
23.95,65.17,0.245,-1.216,SAFE
25.06,57.84,0.098,0.741,SAFE
30.03,61.41,0.064,-0.309,SAFE
25.98,74.71,0.046,0.146,SAFE
24.34,57.99,0.105,-0.829,SAFE
27.49,56.01,0.088,0.349,SAFE
18.37,62.34,5.0,-0.61,WARNING
25.71,50.88,0.069,-0.113,SAFE
27.31,86.85,0.777,0.702,WARNING
20.56,58.2,0.103,0.633,SAFE
28.43,74.98,2.773,-0.018,WARNING
26.02,67.51,0.201,-1.415,SAFE
23.75,53.19,1.61,2.394,WARNING
26.9,64.93,2.617,1.397,WARNING
31.81,74.41,0.621,0.578,WARNING
25.55,62.74,0.077,-0.603,SAFE
25.74,79.32,0.081,-0.091,SAFE
23.62,77.26,0.11,-0.435,SAFE
22.45,76.03,0.042,1.011,SAFE
27.49,59.48,0.181,0.21,SAFE
22.43,52.04,0.076,-0.627,SAFE
25.21,57.64,0.095,-0.377,SAFE
23.57,67.35,0.14,0.897,SAFE
26.44,71.55,0.17,1.28,SAFE
26.0,40.0,0.116,1.223,SAFE
28.11,64.9,2.975,0.606,WARNING
23.47,66.9,0.046,-0.202,SAFE
24.19,61.67,2.574,-2.593,WARNING
22.06,80.5,0.119,0.238,SAFE
23.67,70.06,0.043,-0.001,SAFE
26.13,80.72,0.115,0.112,SAFE
36.6,70.16,9.328,1.64,DANGER
29.41,80.45,2.822,0.615,WARNING
34.78,87.9,4.052,0.497,WARNING
36.59,82.89,6.92,1.229,DANGER
29.5,58.48,2.753,1.895,WARNING
33.5,64.47,9.395,2.206,DANGER
25.84,72.16,0.234,1.296,SAFE
29.38,72.83,9.797,0.696,DANGER
24.08,80.07,2.076,0.847,WARNING
32.56,65.77,4.39,1.356,WARNING
31.73,73.88,7.346,1.938,DANGER
30.05,47.68,8.835,1.692,DANGER
32.14,85.92,9.654,2.319,DANGER
27.95,61.35,4.359,2.6,WARNING
36.57,74.75,9.638,2.696,DANGER
32.71,72.7,13.024,1.853,DANGER
30.06,84.46,8.016,-1.203,DANGER
32.94,43.73,9.352,2.846,DANGER
33.96,64.7,3.441,0.365,WARNING
30.59,68.19,2.757,0.607,WARNING
27.76,66.75,4.547,1.599,WARNING
33.93,95.0,9.226,1.195,DANGER
35.32,64.16,9.484,1.51,DANGER
34.72,83.09,4.533,0.564,WARNING
37.41,76.11,2.969,0.388,WARNING
34.16,86.55,7.171,2.805,DANGER
29.89,69.5,3.702,2.929,WARNING
32.28,65.22,13.365,2.499,DANGER
33.0,80.39,14.861,1.76,DANGER
32.97,76.75,14.974,0.984,DANGER
27.05,52.68,4.648,1.737,WARNING
36.49,65.81,6.605,2.716,DANGER
32.19,80.38,9.28,3.121,DANGER
31.04,83.91,3.866,0.07,WARNING
29.87,65.92,3.621,0.832,WARNING
26.63,53.37,11.042,0.778,DANGER
34.87,78.75,4.85,1.001,WARNING
30.11,65.63,13.64,3.183,DANGER
27.9,48.59,9.608,2.65,DANGER
31.36,50.2,9.486,2.076,DANGER
32.16,83.99,14.297,1.761,DANGER
37.56,77.1,13.526,1.407,DANGER
35.67,73.94,13.927,1.565,DANGER
25.49,93.41,16.063,3.681,DANGER
29.83,80.96,10.953,2.226,DANGER
35.46,91.72,12.81,3.72,DANGER
24.91,66.62,9.521,2.231,DANGER
32.33,74.08,11.058,0.603,DANGER
29.95,58.77,4.367,0.45,WARNING
36.09,68.63,16.122,1.84,DANGER
39.8,72.51,15.358,2.697,DANGER
34.42,83.59,12.601,2.982,DANGER
32.2,78.55,11.027,3.273,DANGER
29.36,76.02,4.859,1.657,WARNING
41.65,85.78,15.315,3.889,DANGER
31.42,95.0,8.912,1.837,DANGER
36.09,74.28,10.819,1.702,DANGER
35.37,62.81,13.245,2.753,DANGER
33.54,77.73,13.202,1.994,DANGER
32.87,67.02,14.118,3.017,DANGER
31.8,92.22,14.377,1.403,DANGER
30.66,72.9,11.226,1.681,DANGER
32.94,67.48,15.499,2.474,DANGER
31.82,66.82,4.54,1.434,WARNING
35.14,89.78,11.982,5.0,DANGER
36.33,72.45,10.074,2.467,DANGER
35.28,70.12,10.973,2.413,DANGER
39.49,95.0,13.685,1.971,DANGER
24.12,66.49,13.575,1.66,DANGER
37.56,76.69,13.512,2.818,DANGER
40.11,87.37,11.743,2.182,DANGER
25.76,62.77,11.454,3.913,DANGER
34.8,81.37,12.813,3.582,DANGER
38.15,66.13,16.373,3.248,DANGER
32.58,84.04,14.263,2.723,DANGER
35.24,66.76,10.234,2.938,DANGER
31.92,88.04,16.721,2.289,DANGER
42.07,90.45,17.228,3.766,DANGER
36.31,88.84,16.323,3.317,DANGER
40.41,78.79,12.321,3.161,DANGER
27.17,62.22,1.025,-1.773,WARNING
21.61,58.08,0.126,-0.156,SAFE
23.43,82.65,3.862,0.669,WARNING
26.47,56.61,0.184,-0.854,SAFE
21.33,52.56,0.077,-0.601,SAFE
27.14,72.98,0.11,0.634,SAFE
24.28,55.45,0.259,-1.181,SAFE
23.88,53.6,2.057,0.846,WARNING
27.13,47.68,0.217,-0.426,SAFE
26.33,59.21,0.162,-0.311,SAFE
23.92,64.01,0.105,-0.899,SAFE
28.48,67.92,0.106,0.302,SAFE
21.76,76.42,2.482,1.968,WARNING
26.85,71.32,0.062,0.625,SAFE
26.78,62.71,0.197,-0.691,SAFE
24.07,62.62,0.147,0.908,SAFE
25.98,71.12,0.111,-0.253,SAFE
21.25,80.27,0.928,1.1,WARNING
27.77,66.52,0.091,0.645,SAFE
24.45,59.37,1.748,-2.355,WARNING
23.43,53.09,0.043,-0.803,SAFE
28.15,47.66,0.12,0.756,SAFE
22.89,73.0,0.082,0.121,SAFE
20.77,71.94,0.131,-0.819,SAFE
20.33,71.93,0.057,-0.507,SAFE
26.82,63.46,2.031,-1.525,WARNING
21.16,81.88,0.083,-0.071,SAFE
30.26,59.19,1.637,1.769,WARNING
18.75,76.46,3.216,0.644,WARNING
30.09,64.54,7.053,1.752,DANGER
25.63,57.7,0.266,0.706,SAFE
24.71,72.11,1.704,0.822,WARNING
23.37,69.92,0.951,1.579,WARNING
26.2,69.28,0.122,0.302,SAFE
24.89,65.98,0.04,-0.15,SAFE
28.31,64.55,1.281,0.826,WARNING
25.34,93.66,1.384,1.163,WARNING
25.45,79.21,0.169,-0.384,SAFE
23.91,73.67,0.105,-0.577,SAFE
24.83,66.34,0.18,0.111,SAFE
25.92,77.09,2.003,0.665,WARNING
19.87,71.22,0.16,0.638,SAFE
20.96,65.31,0.176,-1.139,SAFE
27.23,61.36,1.554,1.529,WARNING
25.51,64.03,2.733,-0.513,WARNING
24.45,40.0,0.105,-0.212,SAFE
25.06,67.53,0.196,-0.722,SAFE
26.04,59.14,1.633,2.159,WARNING
23.38,84.11,3.16,0.194,WARNING
22.67,65.23,0.102,-0.681,SAFE
25.59,50.73,0.13,0.691,SAFE
22.06,64.4,2.38,0.615,WARNING
26.22,52.45,0.173,-0.15,SAFE
19.89,70.68,0.046,0.672,SAFE
28.09,68.49,0.58,-0.66,WARNING
26.42,76.49,0.146,-0.394,SAFE
25.77,55.51,4.455,-1.608,WARNING
27.95,65.41,0.217,-1.059,SAFE
30.0,48.62,2.905,1.446,WARNING
28.04,73.42,0.07,1.313,SAFE
19.48,71.23,0.151,0.053,SAFE
21.16,70.95,0.196,1.33,SAFE
23.13,65.02,0.216,-0.128,SAFE
25.08,69.98,0.0,-0.195,SAFE
26.55,84.25,2.451,0.045,WARNING
22.82,61.58,0.123,-0.1,SAFE
25.56,66.66,0.151,-0.172,SAFE
22.73,51.97,0.127,0.915,SAFE
23.17,54.58,0.041,0.12,SAFE
20.78,66.17,0.1,0.57,SAFE
22.23,78.25,0.879,0.825,WARNING
20.94,61.92,0.089,0.311,SAFE
22.07,62.17,0.185,-0.776,SAFE
28.16,60.12,0.067,-1.082,SAFE
22.15,58.58,0.136,0.119,SAFE
32.9,68.54,0.092,-0.137,SAFE
26.48,47.03,0.105,0.07,SAFE
25.55,80.37,0.137,-0.013,SAFE
22.42,57.01,2.146,2.067,WARNING
27.1,73.66,0.259,-1.064,SAFE
23.27,49.76,1.467,-1.592,WARNING
25.37,73.03,0.068,0.266,SAFE
32.68,73.06,0.039,-0.301,SAFE
24.71,69.61,0.179,0.253,SAFE
28.45,53.07,0.127,0.467,SAFE
22.89,67.99,0.187,1.027,SAFE
24.9,50.8,0.156,-1.206,SAFE
30.31,61.97,0.129,-0.445,SAFE
23.12,77.35,0.07,0.343,SAFE
30.44,74.56,1.388,0.616,WARNING
27.12,65.18,1.46,1.755,WARNING
23.31,53.3,0.076,0.765,SAFE
26.9,72.75,0.163,-0.045,SAFE
27.92,65.23,0.669,-0.712,WARNING
26.87,40.0,0.209,-0.451,SAFE
20.29,74.39,0.25,-0.474,SAFE
22.82,64.71,0.042,0.524,SAFE
24.26,79.43,0.086,0.206,SAFE
24.78,51.86,4.127,-1.059,WARNING
26.86,40.0,0.087,-0.349,SAFE
25.53,68.35,0.162,0.702,SAFE
20.99,68.5,0.045,0.281,SAFE
26.14,44.71,0.137,0.455,SAFE
26.83,53.26,0.111,0.306,SAFE
26.68,95.0,4.202,1.301,WARNING
28.24,61.33,0.121,0.189,SAFE
27.5,73.77,0.171,-0.309,SAFE
26.38,57.19,0.169,-0.733,SAFE
24.79,40.0,0.072,0.2,SAFE
20.02,62.96,1.95,-1.953,WARNING
26.29,61.81,0.226,-0.147,SAFE
25.62,60.2,0.314,-0.165,SAFE
25.81,63.62,0.147,-1.092,SAFE
21.17,68.17,3.378,-0.743,WARNING
21.76,63.2,0.183,0.648,SAFE
28.16,49.83,0.163,0.185,SAFE
24.88,70.83,0.092,0.081,SAFE
27.04,41.61,0.093,0.245,SAFE
25.08,40.4,0.038,0.074,SAFE
25.09,73.87,0.103,0.994,SAFE
27.81,71.08,0.147,0.099,SAFE
23.45,64.31,1.257,-1.167,WARNING
25.29,48.25,0.147,1.304,SAFE
23.61,56.51,0.383,0.296,SAFE
23.7,61.85,0.13,-0.471,SAFE
24.07,45.85,1.029,-1.003,WARNING
25.67,56.13,0.049,0.317,SAFE
23.56,72.83,0.086,-0.094,SAFE
28.77,82.13,2.369,1.259,WARNING
22.32,59.97,0.118,-0.277,SAFE
24.44,74.08,0.235,-0.67,SAFE
23.68,42.03,0.09,0.717,SAFE
29.34,72.91,0.746,0.74,WARNING
25.59,55.35,0.046,0.135,SAFE
28.1,68.69,0.5,0.541,WARNING
20.54,62.03,0.098,-0.03,SAFE
25.8,80.84,0.089,0.187,SAFE
27.67,54.51,0.124,0.932,SAFE
25.25,72.53,0.0,0.5,SAFE
28.2,61.65,3.762,-0.135,WARNING
23.45,63.1,0.12,1.082,SAFE
29.23,62.79,0.565,-1.892,WARNING
31.9,54.85,1.504,1.642,WARNING
23.91,64.83,0.174,-1.365,SAFE
23.66,64.25,0.072,-0.502,SAFE
29.36,67.89,0.198,-0.033,SAFE
29.74,66.01,0.262,-0.117,SAFE
23.43,74.58,0.066,0.805,SAFE
23.74,76.08,0.057,-0.846,SAFE
24.15,52.39,0.062,0.209,SAFE
20.97,75.43,0.164,-0.463,SAFE
22.24,50.76,0.091,0.236,SAFE
21.99,72.05,0.065,-0.052,SAFE
22.7,72.44,0.033,0.074,SAFE
24.9,42.06,0.159,-0.44,SAFE
25.7,66.12,0.011,-0.408,SAFE
29.65,59.38,0.031,0.23,SAFE
22.0,55.89,1.485,0.755,WARNING
27.95,81.21,1.138,-0.479,WARNING
24.36,57.16,0.237,-0.695,SAFE
24.85,55.32,0.074,0.491,SAFE
27.02,65.91,0.173,-0.026,SAFE
21.63,73.23,0.214,0.664,SAFE
26.15,63.3,0.147,-0.725,SAFE
25.5,79.0,0.229,-1.424,SAFE
26.48,71.37,0.163,-0.426,SAFE
25.87,40.0,3.83,-0.613,WARNING
32.37,58.65,0.079,-0.063,SAFE
23.09,58.26,0.094,-0.509,SAFE
23.41,70.75,0.153,0.593,SAFE
23.13,40.0,0.256,-0.231,SAFE
23.33,95.0,1.454,0.12,WARNING
23.09,71.37,0.37,0.126,SAFE
28.57,66.79,0.21,0.156,SAFE
29.26,79.18,0.031,-0.019,SAFE
23.29,93.12,1.767,0.408,WARNING
22.5,75.45,5.0,-0.637,WARNING
26.41,76.39,0.174,1.12,SAFE
23.34,66.57,0.052,-0.189,SAFE
26.9,63.3,0.188,-1.049,SAFE
25.61,59.29,0.0,0.15,SAFE
20.45,55.09,0.13,-0.681,SAFE
29.64,56.76,0.09,0.532,SAFE
30.39,48.79,1.388,1.768,WARNING
23.16,64.09,0.118,-0.629,SAFE
23.84,44.78,0.113,0.266,SAFE
25.86,67.29,2.881,-1.404,WARNING
26.0,64.56,0.225,0.363,SAFE
26.98,66.76,0.018,-0.709,SAFE
31.03,58.73,0.115,-0.5,SAFE
24.47,95.0,1.191,-0.881,WARNING
22.61,81.32,3.672,0.586,WARNING
20.86,50.07,0.5,0.806,WARNING
22.81,67.79,0.169,0.019,SAFE
24.9,57.7,3.04,-0.692,WARNING
30.38,52.83,3.694,1.272,WARNING
23.45,48.92,0.134,-0.6,SAFE
25.67,70.19,2.381,-1.73,WARNING
24.95,56.82,0.099,0.367,SAFE
28.57,76.61,0.116,-0.884,SAFE
32.58,76.93,0.835,0.791,WARNING
23.41,81.49,1.232,-0.305,WARNING
23.53,54.77,0.247,0.483,SAFE
28.13,70.7,0.135,1.121,SAFE
27.05,72.59,1.997,-0.967,WARNING
30.54,59.31,2.389,-0.453,WARNING
26.75,55.74,0.08,-0.061,SAFE
23.92,84.31,4.131,1.23,WARNING
26.77,67.73,5.0,-0.527,WARNING
28.33,72.63,0.177,-0.476,SAFE
27.46,55.14,0.128,0.383,SAFE
26.52,50.37,0.075,-0.462,SAFE
28.2,58.17,0.119,0.122,SAFE
28.51,63.51,0.177,-1.241,SAFE
29.15,52.23,1.771,1.771,WARNING
26.95,64.88,3.679,-1.078,WARNING
24.5,44.74,0.047,-0.257,SAFE
25.44,51.56,0.16,-0.026,SAFE
28.62,73.05,1.424,1.53,WARNING
22.55,72.25,0.19,-1.06,SAFE
26.11,60.3,3.665,1.587,WARNING
23.82,52.79,0.025,0.606,SAFE
25.09,52.67,0.07,0.334,SAFE
28.84,60.52,0.184,-0.788,SAFE
25.57,72.73,0.175,0.457,SAFE
25.14,76.14,0.088,-0.579,SAFE
20.92,59.04,0.168,1.013,SAFE
27.24,51.16,0.121,-0.777,SAFE
26.94,68.21,0.27,-0.091,SAFE
31.49,55.12,3.286,-0.444,WARNING
24.08,58.78,0.062,-0.79,SAFE
25.66,80.9,2.113,0.593,WARNING
25.75,74.93,0.15,0.428,SAFE
29.73,66.9,0.15,0.967,SAFE
24.71,49.74,0.118,-1.424,SAFE
25.84,67.54,1.144,0.851,WARNING
26.82,77.75,1.713,2.004,WARNING
25.56,60.49,0.103,-0.361,SAFE
23.66,81.21,1.353,1.516,WARNING
25.58,80.51,0.201,-0.211,SAFE
28.22,84.96,1.08,-1.098,WARNING
21.92,68.66,0.186,-0.245,SAFE
25.4,72.05,3.712,0.839,WARNING
22.9,81.97,0.826,-0.671,WARNING
28.59,70.37,0.129,-0.48,SAFE
20.43,58.99,0.166,0.475,SAFE
23.32,59.62,0.137,0.002,SAFE
26.13,67.86,0.074,0.468,SAFE
29.7,49.51,0.037,0.19,SAFE
24.8,63.28,0.146,0.384,SAFE
23.33,78.16,0.123,-0.346,SAFE
30.64,40.0,2.257,0.185,WARNING
20.66,83.41,1.371,-0.742,WARNING
18.4,78.47,0.18,1.031,SAFE
26.32,59.48,0.167,-0.507,SAFE
23.49,71.52,0.179,0.903,SAFE
21.94,65.04,0.053,-0.187,SAFE
27.13,79.76,0.107,0.162,SAFE
25.73,76.79,0.178,-0.396,SAFE
23.31,48.2,0.053,-0.813,SAFE
21.16,72.05,0.101,-1.396,SAFE
27.62,62.53,0.072,-0.844,SAFE
26.95,65.99,0.224,-0.259,SAFE
24.7,56.26,0.075,0.17,SAFE
30.54,85.98,1.481,0.808,WARNING
21.79,77.48,0.104,-0.357,SAFE
20.42,56.12,0.104,-0.706,SAFE
22.92,48.98,0.922,-1.154,WARNING
24.86,60.37,0.068,0.384,SAFE
25.73,70.21,1.303,1.107,WARNING
24.28,67.88,0.2,1.013,SAFE
26.06,80.04,1.916,0.568,WARNING
21.25,74.48,0.113,0.511,SAFE
29.33,76.63,2.909,1.358,WARNING
24.75,68.92,0.17,0.266,SAFE
28.35,48.33,2.777,0.517,WARNING
26.03,62.65,0.089,-0.257,SAFE
26.37,77.72,0.19,-1.09,SAFE
26.71,64.38,2.934,-0.547,WARNING
26.34,71.04,0.181,-0.007,SAFE
26.93,61.18,0.092,0.049,SAFE
28.99,52.64,1.26,1.541,WARNING
25.59,63.52,0.141,0.065,SAFE
27.13,68.71,0.115,0.943,SAFE
24.73,57.13,0.154,-0.348,SAFE
29.32,62.17,0.115,-0.249,SAFE
22.97,53.73,0.161,-1.063,SAFE
30.4,78.43,0.5,-0.594,WARNING
24.88,61.47,0.177,0.422,SAFE
20.71,82.43,0.006,0.006,SAFE
25.38,83.34,1.21,0.754,WARNING
22.96,64.03,0.117,0.145,SAFE
27.52,52.9,0.076,-0.282,SAFE
23.04,40.0,2.81,1.719,WARNING
23.66,47.34,0.268,-0.075,SAFE
19.33,48.51,0.108,0.93,SAFE
23.64,81.54,0.11,-0.321,SAFE
17.73,66.39,0.131,0.568,SAFE
20.25,69.68,2.677,0.742,WARNING
27.28,40.0,0.103,0.167,SAFE
27.36,50.62,1.657,-1.884,WARNING
26.28,75.64,0.067,0.015,SAFE
22.1,68.44,0.221,0.984,SAFE
24.86,63.23,0.061,0.422,SAFE
24.99,71.78,0.032,0.357,SAFE
21.52,84.63,2.58,-1.378,WARNING
29.51,62.35,0.161,-0.576,SAFE
27.63,65.83,0.21,0.329,SAFE
24.34,67.31,0.066,0.328,SAFE
25.08,93.71,1.169,0.972,WARNING
25.63,40.0,0.075,-0.116,SAFE
18.87,73.2,0.13,0.325,SAFE
24.26,63.62,0.131,0.013,SAFE
22.95,71.8,0.192,-0.79,SAFE
22.0,57.11,2.957,-1.805,WARNING
24.16,64.41,0.098,0.345,SAFE
30.39,73.54,0.124,0.139,SAFE
26.92,95.0,0.5,-0.495,WARNING
23.29,74.7,0.211,-1.295,SAFE
26.72,54.82,0.091,0.504,SAFE
29.2,59.91,0.152,-0.213,SAFE
27.77,59.56,0.261,0.445,SAFE
25.18,43.45,0.174,1.491,SAFE
23.06,61.04,8.158,-1.713,DANGER
27.09,73.79,4.673,-0.56,WARNING
26.18,49.71,0.084,-0.168,SAFE
27.69,77.58,0.118,1.164,SAFE
26.91,70.85,3.531,-1.309,WARNING
28.15,56.19,4.257,1.549,WARNING
23.39,63.3,0.043,0.109,SAFE
28.95,84.18,0.028,-0.077,SAFE
25.59,73.8,0.018,-0.158,SAFE
31.23,65.11,5.0,-0.349,WARNING
22.93,62.15,0.145,0.838,SAFE
30.21,65.92,0.744,-0.855,WARNING
25.59,58.86,0.214,0.276,SAFE
23.05,40.0,0.0,-0.307,SAFE
23.55,89.51,5.0,-0.61,DANGER
24.04,66.86,1.569,2.069,WARNING
26.27,69.78,0.192,0.335,SAFE
26.57,64.31,0.049,0.491,SAFE
23.28,56.18,0.163,0.91,SAFE
24.93,62.77,0.225,-1.137,SAFE
31.43,45.81,1.638,1.402,WARNING
30.18,92.33,5.0,-2.007,DANGER
26.31,50.19,0.144,-0.615,SAFE
25.11,52.62,0.107,-0.367,SAFE
25.36,59.72,0.235,0.465,SAFE
26.84,80.46,0.133,0.175,SAFE
21.93,65.17,0.063,-0.133,SAFE
24.23,50.17,0.172,-0.01,SAFE
19.99,80.05,1.807,-0.782,WARNING
26.2,73.77,0.271,-1.198,SAFE
26.94,71.46,0.127,0.581,SAFE
23.55,73.59,0.066,0.555,SAFE
29.72,93.73,0.743,1.268,WARNING
21.32,91.22,1.641,-0.632,WARNING
20.61,56.76,0.163,0.554,SAFE
25.67,84.49,0.059,-0.227,SAFE
28.14,69.6,0.07,0.952,SAFE
30.05,70.99,1.791,0.818,WARNING
23.62,44.69,0.111,0.169,SAFE
28.24,62.96,0.065,-0.272,SAFE
24.88,55.25,0.09,0.769,SAFE
24.48,74.94,0.132,0.518,SAFE
27.65,77.85,1.589,-0.548,WARNING
26.96,40.11,0.105,-1.062,SAFE
20.27,64.74,0.079,-0.231,SAFE
29.43,78.46,0.207,1.212,SAFE
29.14,62.76,0.057,0.917,SAFE
23.12,73.75,0.091,-0.89,SAFE
26.19,69.21,2.796,-0.934,WARNING
26.48,69.1,0.145,1.02,SAFE
25.78,61.74,0.168,-0.909,SAFE
23.35,50.4,0.003,0.407,SAFE
22.99,51.54,0.125,-0.493,SAFE
24.92,73.51,0.181,1.294,SAFE
28.52,65.23,0.152,-0.616,SAFE
26.63,63.34,0.206,0.915,SAFE
23.89,59.91,0.025,0.148,SAFE
27.32,61.34,0.139,0.202,SAFE
16.45,77.56,2.608,-1.576,WARNING
28.45,60.98,3.859,-1.762,WARNING
19.78,48.91,0.046,-0.176,SAFE
23.91,73.92,0.118,0.198,SAFE
21.64,62.54,0.162,-0.9,SAFE
21.12,65.38,0.755,-0.871,WARNING
28.48,84.29,0.108,0.449,SAFE
23.6,64.75,0.095,0.45,SAFE
26.04,68.47,0.082,-0.11,SAFE
24.86,50.85,0.128,0.624,SAFE
26.43,62.36,1.112,-0.939,WARNING
25.23,72.31,0.044,-0.285,SAFE
21.15,46.34,2.333,1.318,WARNING
27.99,67.41,0.066,0.055,SAFE
23.52,66.21,0.061,0.101,SAFE
20.33,65.5,1.696,1.845,WARNING
23.72,77.45,0.112,-1.119,SAFE
29.5,69.01,0.124,0.637,SAFE
27.55,82.74,0.9,1.331,WARNING
23.95,53.08,0.067,-0.26,SAFE
23.95,66.63,0.099,0.688,SAFE
24.04,66.01,1.441,-0.786,WARNING
31.23,52.17,1.843,-0.549,WARNING
26.15,76.48,0.07,0.308,SAFE
26.29,92.9,0.577,0.639,WARNING
28.09,64.8,0.111,0.897,SAFE
25.72,71.06,0.118,1.256,SAFE
24.22,66.01,3.716,-0.054,WARNING
24.41,56.44,0.116,0.955,SAFE
24.79,43.15,0.081,-0.274,SAFE
24.89,56.53,0.162,0.722,SAFE
27.18,48.3,0.201,0.166,SAFE
25.16,85.45,0.217,0.357,SAFE
27.2,63.62,0.061,0.339,SAFE
24.76,60.85,0.083,-1.284,SAFE
25.24,75.67,0.09,-0.899,SAFE
19.01,51.54,0.072,0.082,SAFE
27.75,55.8,0.222,-1.35,SAFE
26.04,65.82,0.189,0.665,SAFE
30.01,77.48,7.97,1.823,DANGER
21.65,72.48,3.968,1.372,WARNING
38.69,76.47,7.036,-0.615,DANGER
29.36,67.72,4.663,1.99,WARNING
30.52,69.75,9.586,3.519,DANGER
28.81,78.53,0.205,0.889,SAFE
35.51,54.06,10.073,1.37,DANGER
25.9,71.81,2.202,1.032,WARNING
27.58,58.13,3.651,1.542,WARNING
37.23,63.45,5.879,0.795,DANGER
33.18,64.44,11.859,1.418,DANGER
30.17,95.0,8.367,2.045,DANGER
30.55,71.8,10.524,3.506,DANGER
33.41,57.17,12.201,-0.383,DANGER
32.76,68.64,3.36,1.03,WARNING
31.86,79.88,2.669,0.246,WARNING
36.9,89.63,10.451,2.825,DANGER
32.67,60.41,2.964,0.477,WARNING
32.57,48.94,2.833,0.667,WARNING
32.57,77.33,2.773,2.488,WARNING
34.42,58.48,10.959,2.305,DANGER
31.92,62.34,13.301,1.71,DANGER
34.4,69.95,4.246,1.342,WARNING
27.21,70.69,3.553,3.108,WARNING
35.24,80.39,9.235,2.402,DANGER
27.76,68.41,3.924,1.645,WARNING
32.3,68.03,8.408,0.802,DANGER
30.89,74.39,13.785,0.688,DANGER
32.4,74.74,3.974,0.288,WARNING
32.14,73.65,2.572,0.9,WARNING
34.01,85.16,6.826,2.358,DANGER
33.63,78.93,10.29,1.725,DANGER
35.6,81.81,7.367,1.752,DANGER
32.78,80.75,10.602,2.363,DANGER
30.69,53.01,7.938,2.717,DANGER
35.67,79.03,10.768,1.541,DANGER
34.65,73.85,8.523,1.742,DANGER
27.41,80.92,10.312,1.947,DANGER
37.65,61.9,10.51,1.741,DANGER
35.95,67.27,7.504,1.567,DANGER
29.61,63.81,4.373,1.879,WARNING
37.34,81.88,8.547,0.94,DANGER
31.91,86.09,13.578,3.878,DANGER
33.33,68.02,12.121,3.171,DANGER
31.98,86.51,10.01,3.17,DANGER
34.7,75.22,8.825,1.919,DANGER
29.73,69.89,19.454,2.122,DANGER
27.93,80.61,13.562,1.722,DANGER
39.29,82.35,8.155,1.535,DANGER
30.4,72.2,9.465,0.792,DANGER
29.79,95.0,3.994,1.039,WARNING
26.74,61.12,10.952,1.557,DANGER
30.52,83.95,7.871,2.095,DANGER
28.73,69.97,10.974,2.36,DANGER
36.48,66.22,15.808,2.781,DANGER
34.3,74.32,13.97,0.538,DANGER
28.77,76.47,1.675,1.026,WARNING
36.85,95.0,16.318,3.41,DANGER
34.12,73.41,14.075,1.733,DANGER
31.66,64.9,8.21,2.558,DANGER
25.74,80.34,12.807,3.5,DANGER
39.41,52.77,8.439,1.547,DANGER
24.25,76.66,9.202,1.429,DANGER
31.39,79.21,12.394,2.098,DANGER
38.47,86.86,10.589,1.353,DANGER
41.49,89.33,8.597,2.133,DANGER
41.3,74.19,16.136,3.809,DANGER
33.12,72.97,12.065,3.453,DANGER
38.99,65.11,18.499,3.258,DANGER
34.11,59.88,11.699,2.131,DANGER
36.29,81.34,12.082,1.901,DANGER
31.88,56.33,13.757,3.832,DANGER
33.98,73.68,12.123,1.861,DANGER
34.27,65.1,13.207,1.769,DANGER
31.17,87.47,15.092,2.872,DANGER
34.37,95.0,14.386,3.119,DANGER
28.96,61.45,13.485,2.831,DANGER
32.55,58.91,11.865,1.519,DANGER
29.84,80.53,10.505,1.578,DANGER
32.3,76.13,12.831,2.353,DANGER
33.27,81.25,11.461,2.647,DANGER
40.1,73.71,13.383,2.755,DANGER
39.34,77.0,17.28,2.905,DANGER
26.14,82.01,13.079,3.463,DANGER
33.54,94.81,13.577,1.959,DANGER
41.24,49.46,15.792,4.4,DANGER
31.9,73.0,15.097,2.232,DANGER
34.92,82.7,14.675,4.085,DANGER
38.17,69.24,11.378,1.201,DANGER
31.04,95.0,14.031,3.292,DANGER
35.23,75.06,13.581,4.079,DANGER
27.97,77.84,12.606,1.693,DANGER
33.12,89.86,16.224,2.302,DANGER
36.65,70.16,12.092,3.319,DANGER
31.0,60.13,16.755,4.39,DANGER
38.25,79.88,19.203,2.797,DANGER
33.24,95.0,14.786,3.122,DANGER
35.49,76.07,18.355,3.461,DANGER
39.41,68.75,15.276,3.709,DANGER
38.79,86.52,16.252,2.476,DANGER
25.38,61.03,0.197,-0.963,SAFE
23.71,58.88,0.082,0.18,SAFE
25.37,66.79,0.115,0.503,SAFE
26.63,74.25,0.093,-0.239,SAFE
25.15,93.58,2.826,0.543,WARNING
25.12,74.93,0.1,-0.568,SAFE
22.89,78.92,2.103,-1.692,WARNING
23.01,58.93,0.114,-0.339,SAFE
20.79,52.69,0.01,0.051,SAFE
30.25,65.75,0.18,-0.221,SAFE
21.27,66.29,0.196,-0.927,SAFE
22.92,52.06,0.181,-1.453,SAFE
22.84,62.9,0.036,-0.411,SAFE
27.68,69.79,4.505,0.718,WARNING
24.12,69.32,0.093,1.005,SAFE
28.74,71.05,0.82,0.95,WARNING
22.98,68.49,2.754,-0.653,WARNING
25.84,58.92,0.116,-0.923,SAFE
22.49,58.83,0.195,0.397,SAFE
31.44,50.61,1.035,0.508,WARNING
21.44,86.42,0.111,0.32,SAFE
25.93,65.16,1.619,-1.611,WARNING
26.9,62.3,0.084,-0.694,SAFE
26.24,53.85,0.103,-0.024,SAFE
24.44,95.0,1.469,0.39,WARNING
24.61,52.12,0.102,0.614,SAFE
25.13,59.85,0.328,0.115,SAFE
24.56,69.99,0.106,0.265,SAFE
27.89,72.2,0.124,0.068,SAFE
31.63,76.5,1.814,0.548,WARNING
23.33,86.69,2.872,0.25,WARNING
20.89,71.07,0.107,0.053,SAFE
24.74,52.33,0.088,-0.215,SAFE
32.74,61.92,2.082,0.065,WARNING
22.59,68.69,0.101,0.388,SAFE
29.92,89.82,1.988,0.214,WARNING
30.03,48.23,0.036,0.305,SAFE
23.34,79.43,0.146,1.074,SAFE
26.71,67.16,0.287,0.212,SAFE
29.89,75.05,0.133,-0.519,SAFE
23.86,63.78,0.134,0.707,SAFE
24.39,54.89,0.987,-1.093,WARNING
23.25,74.01,2.905,-0.865,WARNING
21.96,72.85,0.109,0.269,SAFE
23.05,76.66,0.074,0.413,SAFE
21.33,64.84,0.197,-0.996,SAFE
25.1,57.8,0.164,-0.306,SAFE
22.69,46.29,0.036,-0.485,SAFE
25.7,74.83,0.087,-0.389,SAFE
20.33,70.09,0.5,0.755,WARNING
25.99,53.41,0.195,0.565,SAFE
27.5,58.54,0.049,-0.015,SAFE
19.02,59.4,0.127,-0.437,SAFE
26.12,47.2,0.207,-1.08,SAFE
28.68,55.19,0.224,1.136,SAFE
21.37,51.39,0.169,0.474,SAFE
30.02,60.05,0.774,-0.565,WARNING
26.26,56.14,0.125,0.576,SAFE
22.88,45.48,0.109,-0.056,SAFE
24.83,89.27,1.312,-0.23,WARNING
26.67,80.03,0.113,0.348,SAFE
25.23,55.65,0.049,-0.593,SAFE
26.62,68.27,0.278,-0.275,SAFE
22.24,70.01,0.09,0.097,SAFE
25.51,79.29,0.17,-0.4,SAFE
20.76,55.18,0.5,0.535,WARNING
24.67,78.11,3.649,1.495,WARNING
22.29,58.43,0.219,-0.603,SAFE
22.79,48.97,0.121,-1.332,SAFE
28.71,73.69,1.486,-1.601,WARNING
28.27,80.49,0.056,-0.12,SAFE
26.83,95.0,0.504,-0.531,WARNING
21.72,50.6,0.19,0.166,SAFE
24.05,73.39,0.186,0.106,SAFE
28.64,60.08,0.098,-1.283,SAFE
25.43,74.4,0.116,-1.452,SAFE
31.96,47.35,0.146,0.237,SAFE
26.18,49.85,0.116,0.108,SAFE
25.58,55.69,0.161,-0.341,SAFE
24.07,65.95,0.147,-1.326,SAFE
25.4,57.31,0.064,0.377,SAFE
24.54,72.91,0.138,1.018,SAFE
27.12,77.32,0.074,0.222,SAFE
27.87,72.19,0.18,-0.678,SAFE
22.64,84.43,3.52,0.036,WARNING
21.01,69.99,1.737,-1.093,WARNING
19.49,50.4,0.044,0.846,SAFE
26.52,81.36,0.055,0.065,SAFE
21.69,57.74,0.179,-1.415,SAFE
18.54,75.93,0.144,-0.241,SAFE
26.17,83.88,0.081,0.371,SAFE
32.48,70.48,3.151,-0.266,WARNING
24.98,47.05,0.053,-0.221,SAFE
27.52,53.98,2.658,-0.98,WARNING
25.25,80.87,0.162,0.453,SAFE
24.7,62.97,0.062,-0.519,SAFE
27.76,65.95,1.67,-1.725,WARNING
24.13,74.11,0.13,-0.297,SAFE
25.8,73.36,0.155,0.785,SAFE
25.97,68.35,0.13,-0.31,SAFE
23.0,62.5,0.178,1.39,SAFE
27.98,61.25,0.395,0.343,SAFE
24.48,75.29,0.223,0.271,SAFE
22.73,71.64,0.17,-0.103,SAFE
26.61,61.91,0.238,-0.055,SAFE
22.3,77.99,0.051,-0.211,SAFE
25.08,63.45,0.077,-0.242,SAFE
24.97,54.78,0.127,0.425,SAFE
28.26,55.89,1.206,-0.749,WARNING
26.42,53.26,0.15,-0.861,SAFE
24.92,61.73,0.078,-0.899,SAFE
27.45,79.8,1.865,1.637,WARNING
29.17,55.34,0.12,0.424,SAFE
26.67,67.26,0.051,0.244,SAFE
25.03,57.12,0.13,-0.846,SAFE
21.06,61.88,0.205,0.499,SAFE
21.8,46.88,0.087,-0.093,SAFE
24.08,62.35,0.197,0.171,SAFE
23.17,62.68,0.15,-0.781,SAFE
24.44,71.48,0.06,0.128,SAFE
25.17,67.68,0.084,-0.339,SAFE
26.59,50.62,4.523,-0.612,WARNING
24.79,78.01,1.84,0.587,WARNING
26.46,67.52,0.145,-1.23,SAFE
25.19,67.38,0.025,0.452,SAFE
19.07,64.89,0.156,0.548,SAFE
22.18,58.79,0.105,-0.704,SAFE
24.57,67.61,0.117,-0.656,SAFE
21.37,70.71,0.135,-0.178,SAFE
26.8,44.04,0.212,0.226,SAFE
29.59,58.53,0.062,-0.122,SAFE
28.66,61.94,0.147,0.347,SAFE
24.36,68.07,1.465,1.41,WARNING
29.47,79.32,0.059,-0.406,SAFE
25.45,55.74,0.262,-1.372,SAFE
23.99,59.02,2.515,0.661,WARNING
23.16,58.85,0.102,1.347,SAFE
24.09,55.38,0.22,0.314,SAFE
23.84,60.83,0.1,-0.87,SAFE
25.51,74.25,3.077,-0.099,WARNING
25.48,52.35,0.12,-0.895,SAFE
25.01,70.13,0.17,0.514,SAFE
26.31,44.58,0.106,-1.081,SAFE
28.57,58.26,0.207,-0.24,SAFE
27.85,61.05,0.046,-0.803,SAFE
20.55,85.1,0.853,0.101,WARNING
17.34,61.7,0.097,-0.293,SAFE
27.8,40.0,0.086,0.141,SAFE
20.9,41.01,0.127,0.018,SAFE
24.33,65.41,0.282,-0.789,SAFE
21.49,72.37,0.131,0.502,SAFE
19.59,69.51,0.213,-0.039,SAFE
26.62,67.01,0.122,-0.791,SAFE
27.28,78.95,1.735,1.793,WARNING
23.27,58.52,0.128,0.381,SAFE
17.23,75.74,0.0,-0.123,SAFE
23.36,45.42,0.139,1.132,SAFE
26.18,54.14,2.27,1.473,WARNING
20.56,43.32,0.11,-0.116,SAFE
25.55,61.7,0.19,0.278,SAFE
24.95,64.44,0.167,-0.79,SAFE
26.74,66.37,0.0,-0.118,SAFE
25.36,65.74,0.013,-0.159,SAFE
22.08,53.87,0.097,0.148,SAFE
28.59,62.72,0.058,0.266,SAFE
24.52,47.03,0.058,0.448,SAFE
24.92,81.36,0.083,0.19,SAFE
22.2,61.36,0.121,-0.969,SAFE
23.67,59.13,0.086,-0.751,SAFE
22.35,84.07,0.086,-0.437,SAFE
24.48,50.09,0.214,-0.226,SAFE
30.14,51.49,1.536,0.841,WARNING
20.88,51.85,0.231,-0.93,SAFE
20.16,64.19,0.137,-0.286,SAFE
29.41,70.18,1.252,0.762,WARNING
24.37,73.88,0.218,-0.24,SAFE
22.99,95.0,0.5,0.368,WARNING
28.12,40.0,0.201,-0.112,SAFE
23.18,72.3,0.106,0.205,SAFE
30.48,58.31,2.708,-0.183,WARNING
27.03,57.96,1.826,0.534,WARNING
23.54,57.56,0.154,-1.236,SAFE
31.47,54.09,0.059,-0.291,SAFE
23.18,85.21,0.02,0.237,SAFE
27.23,75.11,0.116,0.427,SAFE
25.9,65.28,0.114,1.194,SAFE
28.91,81.21,0.12,-0.313,SAFE
29.68,46.85,0.149,1.184,SAFE
25.1,49.03,0.092,-0.527,SAFE
22.74,40.0,4.226,1.063,WARNING
26.38,56.61,0.586,0.654,WARNING
22.97,66.94,3.031,-0.731,WARNING
31.04,66.23,2.74,0.246,WARNING
25.41,66.79,0.199,-0.041,SAFE
23.9,48.07,1.276,0.5,WARNING
25.55,74.64,0.072,-0.179,SAFE
20.96,67.88,0.119,-0.246,SAFE
22.09,73.8,0.079,1.095,SAFE
28.6,42.29,0.026,-0.079,SAFE
23.03,68.74,0.081,0.661,SAFE
21.86,50.75,0.106,-0.18,SAFE
26.61,60.23,0.152,1.333,SAFE
28.56,71.41,0.104,-0.543,SAFE
27.16,66.09,0.047,-0.491,SAFE
27.99,54.78,0.074,1.22,SAFE
22.73,65.08,0.873,-0.356,WARNING
20.73,46.62,0.157,1.281,SAFE
29.5,78.8,0.023,0.713,SAFE
24.03,62.54,0.095,-0.124,SAFE
24.25,78.42,2.203,-1.451,WARNING
28.98,58.68,0.007,-0.015,SAFE
26.67,58.72,0.161,0.081,SAFE
26.37,55.83,1.305,0.934,WARNING
31.5,75.51,1.797,1.271,WARNING
23.07,56.49,0.156,-0.548,SAFE
27.78,72.74,0.083,0.641,SAFE
25.17,60.41,0.108,0.612,SAFE
25.81,41.29,0.107,0.859,SAFE
29.59,58.16,0.17,0.399,SAFE
26.52,50.85,1.463,-1.554,WARNING
26.61,65.41,5.0,-0.124,WARNING
28.22,50.72,0.16,-0.925,SAFE
23.91,76.11,0.17,-0.162,SAFE
22.48,63.91,0.173,0.784,SAFE
21.87,62.87,0.05,0.244,SAFE
19.1,72.87,0.242,0.918,SAFE
31.17,76.57,0.131,0.273,SAFE
21.69,64.76,0.181,-1.039,SAFE
24.34,55.75,1.104,-2.017,WARNING
24.17,43.71,0.277,0.119,SAFE
25.92,56.77,0.143,-0.171,SAFE
27.45,57.59,0.063,-0.782,SAFE
27.58,66.28,0.012,-1.361,SAFE
23.25,60.86,0.134,-0.588,SAFE
24.5,73.26,4.222,-0.156,WARNING
25.85,57.64,0.045,0.533,SAFE
24.25,64.32,0.122,0.151,SAFE
29.82,79.21,0.093,1.286,SAFE
26.47,69.1,0.124,-0.828,SAFE
27.2,64.28,0.118,0.705,SAFE
26.99,57.78,0.277,0.038,SAFE
28.52,57.4,0.16,0.556,SAFE
25.54,54.79,0.17,-0.349,SAFE
21.11,58.51,1.144,0.857,WARNING
26.2,74.07,0.02,0.236,SAFE
23.05,62.34,0.144,-0.544,SAFE
23.41,48.8,0.078,-0.01,SAFE
26.76,86.22,3.361,-0.192,WARNING
28.71,68.84,0.161,0.391,SAFE
25.06,48.12,0.023,-0.944,SAFE
25.93,59.7,0.044,-0.023,SAFE
30.11,66.33,0.087,0.316,SAFE
25.72,85.46,3.06,0.026,WARNING
32.81,51.7,2.75,1.078,WARNING
26.7,76.71,2.042,0.619,WARNING
19.72,81.79,0.5,-0.006,WARNING
27.26,57.46,0.126,0.173,SAFE
26.14,61.67,0.045,0.237,SAFE
28.87,52.56,0.055,0.323,SAFE
27.02,62.56,0.237,-1.461,SAFE
24.58,64.56,0.1,-0.241,SAFE
21.33,72.92,0.538,-1.188,WARNING
24.37,78.08,2.567,1.023,WARNING
22.45,56.02,0.185,-0.049,SAFE
23.26,41.39,0.089,-0.155,SAFE
26.77,64.75,0.125,0.717,SAFE
30.01,68.52,0.052,0.338,SAFE
26.18,67.99,0.21,-0.903,SAFE
21.41,61.08,0.191,-0.057,SAFE
26.33,66.5,0.135,-0.268,SAFE
28.59,83.19,1.309,-1.396,WARNING
23.17,69.58,0.161,-0.552,SAFE
24.6,60.52,0.057,-0.147,SAFE
25.04,59.0,0.115,-0.092,SAFE
22.65,62.96,0.097,-1.186,SAFE
26.94,84.64,1.703,0.921,WARNING
24.64,62.8,0.119,-0.082,SAFE
26.26,64.76,0.047,0.03,SAFE
22.34,59.21,0.131,0.321,SAFE
23.69,78.19,4.392,-0.63,WARNING
27.17,88.52,0.556,0.365,WARNING
23.88,70.41,1.436,-0.294,WARNING
30.18,65.99,1.41,-0.717,WARNING
23.8,65.44,0.123,0.459,SAFE
25.67,40.0,0.141,1.193,SAFE
27.8,73.94,0.165,0.58,SAFE
20.74,66.61,0.957,0.738,WARNING
19.72,70.14,0.252,-0.417,SAFE
20.42,56.46,0.135,-1.278,SAFE
28.79,60.39,0.5,1.192,WARNING
23.34,60.07,3.316,1.644,WARNING
32.67,77.26,1.201,1.234,WARNING
23.31,60.45,0.101,-0.269,SAFE
25.55,89.99,1.866,-0.924,WARNING
29.63,70.17,0.05,-0.853,SAFE
31.02,49.69,2.021,-1.347,WARNING
31.18,63.46,0.046,-0.086,SAFE
28.63,57.18,0.168,1.285,SAFE
28.07,40.0,0.061,-0.113,SAFE
26.78,84.19,0.217,0.242,SAFE
30.37,75.8,9.61,2.224,DANGER
21.93,73.54,0.3,0.162,SAFE
30.66,71.85,12.374,3.012,DANGER
28.14,55.02,3.442,2.455,WARNING
28.87,65.09,0.225,-0.27,SAFE
25.98,78.38,2.373,0.969,WARNING
34.34,56.47,2.525,1.121,WARNING
33.51,42.31,1.997,0.34,WARNING
29.02,67.41,2.276,0.58,WARNING
34.1,72.43,15.909,2.033,DANGER
30.44,72.62,12.562,2.634,DANGER
29.83,82.43,10.155,1.952,DANGER
28.09,83.23,5.0,-0.09,WARNING
23.17,72.65,10.791,0.676,DANGER
26.67,85.2,3.614,0.991,WARNING
30.07,59.8,11.536,2.02,DANGER
36.0,82.0,6.158,0.704,DANGER
34.95,74.22,15.07,2.674,DANGER
23.34,58.1,4.364,2.372,WARNING
34.27,53.89,10.037,2.644,DANGER
33.51,65.55,3.254,0.276,WARNING
32.8,61.95,9.938,1.074,DANGER
30.14,78.74,3.193,0.975,WARNING
28.04,62.92,2.965,1.935,WARNING
30.91,60.43,12.058,2.886,DANGER
32.72,67.63,7.922,1.908,DANGER
38.84,82.51,10.766,1.517,DANGER
36.86,71.02,3.278,1.345,WARNING
29.31,65.31,9.254,2.041,DANGER
31.31,74.63,7.232,1.473,DANGER
35.05,92.35,8.813,1.762,DANGER
28.13,63.16,13.561,2.27,DANGER
26.55,88.12,11.229,3.254,DANGER
34.38,77.22,6.788,1.737,DANGER
31.91,75.93,12.725,1.925,DANGER
31.0,95.0,12.37,3.046,DANGER
35.83,58.88,5.0,0.162,WARNING
33.43,64.64,10.085,0.519,DANGER
30.17,55.7,11.401,3.228,DANGER
26.05,85.59,11.056,2.046,DANGER
35.93,92.34,11.662,1.808,DANGER
37.82,94.77,8.135,2.004,DANGER
33.96,87.27,13.208,2.681,DANGER
30.19,68.8,11.81,0.923,DANGER
31.2,66.53,8.813,2.89,DANGER
33.83,59.18,10.933,2.896,DANGER
26.83,95.0,9.303,1.734,DANGER
30.02,85.57,11.257,3.71,DANGER
33.24,70.56,12.909,1.962,DANGER
37.77,89.6,11.484,2.478,DANGER
35.39,67.35,13.577,1.264,DANGER
33.8,79.93,12.012,1.703,DANGER
32.11,73.84,11.754,2.729,DANGER
30.03,82.89,10.501,2.822,DANGER
28.56,65.85,15.572,1.915,DANGER
32.97,62.96,12.5,3.151,DANGER
35.05,78.04,16.52,2.081,DANGER
29.48,89.33,14.516,2.399,DANGER
37.52,75.32,12.474,2.073,DANGER
33.05,85.75,11.57,1.668,DANGER
34.67,61.72,4.245,1.213,WARNING
30.28,77.7,10.146,0.989,DANGER
22.05,64.85,7.327,2.217,DANGER
34.87,85.89,14.28,2.478,DANGER
35.53,78.53,8.856,2.276,DANGER
34.88,84.25,8.804,2.504,DANGER
32.4,90.83,10.42,2.271,DANGER
35.96,82.09,10.356,2.756,DANGER
29.33,77.25,4.646,3.725,WARNING
31.99,65.7,15.416,3.232,DANGER
37.78,79.07,12.677,2.72,DANGER
28.5,65.15,3.496,1.958,WARNING
33.37,74.71,10.907,2.471,DANGER
29.59,71.25,13.016,2.565,DANGER
33.86,65.14,12.415,3.585,DANGER
34.7,50.07,12.252,3.429,DANGER
27.57,67.1,13.727,2.206,DANGER
37.84,83.0,14.574,2.409,DANGER
31.54,61.8,10.557,3.046,DANGER
31.99,77.02,13.986,3.062,DANGER
33.72,95.0,17.412,3.838,DANGER
36.86,91.93,16.036,2.624,DANGER
31.29,95.0,14.79,1.566,DANGER
34.78,82.85,9.332,1.504,DANGER
35.52,95.0,17.168,2.249,DANGER
39.78,72.81,14.516,3.645,DANGER
32.89,72.19,17.155,2.136,DANGER
33.16,53.95,9.929,1.981,DANGER
28.81,95.0,18.064,3.664,DANGER
35.5,95.0,17.594,2.338,DANGER
29.1,75.64,14.273,3.764,DANGER
25.28,78.84,5.0,3.335,WARNING
35.21,67.19,16.865,3.973,DANGER
37.97,80.73,12.509,1.744,DANGER
26.55,90.89,12.038,2.26,DANGER
30.58,61.61,14.398,2.675,DANGER
39.58,79.88,16.443,2.562,DANGER
41.64,77.66,16.522,2.936,DANGER
33.89,82.35,10.728,1.973,DANGER
32.31,89.0,14.804,3.762,DANGER
24.45,62.74,0.125,-0.137,SAFE
29.12,63.76,0.086,-0.053,SAFE
23.06,62.43,3.721,-1.367,WARNING
22.6,76.64,0.226,0.313,SAFE
23.55,70.03,0.023,-0.071,SAFE
22.14,67.65,0.201,1.288,SAFE
25.37,49.75,0.059,-0.752,SAFE
29.87,60.46,0.169,-1.447,SAFE
25.97,75.78,0.039,0.494,SAFE
24.24,65.45,0.205,0.277,SAFE
24.12,72.91,0.247,-0.807,SAFE
20.31,86.2,0.5,-1.224,WARNING
27.65,77.46,0.12,1.23,SAFE
24.77,66.12,0.169,1.131,SAFE
24.46,58.87,1.583,-1.99,WARNING
34.58,40.0,0.079,-0.367,SAFE
25.9,62.98,3.18,1.331,WARNING
22.74,61.09,0.262,-0.381,SAFE
23.72,69.68,0.146,-0.392,SAFE
28.45,63.15,0.257,-0.226,SAFE
25.34,61.16,0.188,-0.897,SAFE
20.69,43.65,0.194,-1.364,SAFE
27.76,53.72,1.334,0.842,WARNING
23.0,70.72,0.084,-1.474,SAFE
30.62,85.59,3.051,0.198,WARNING
28.24,63.83,0.099,0.709,SAFE
23.66,68.93,0.226,-1.161,SAFE
28.84,76.43,0.106,-0.739,SAFE
25.2,55.27,0.696,0.971,WARNING
27.56,69.4,0.086,0.426,SAFE
26.45,56.11,0.094,-0.494,SAFE
22.46,75.38,0.154,0.962,SAFE
23.07,66.82,0.099,0.965,SAFE
28.09,68.58,0.127,0.215,SAFE
24.0,55.61,0.197,-0.72,SAFE
23.79,73.48,0.14,-0.331,SAFE
22.13,90.02,0.886,0.229,WARNING
26.27,52.91,0.274,-0.151,SAFE
31.19,60.92,1.505,0.751,WARNING
21.8,67.78,0.143,-1.224,SAFE
25.07,74.44,0.218,-1.195,SAFE
29.24,58.29,0.042,0.145,SAFE
24.76,40.0,0.135,-0.393,SAFE
26.36,81.31,1.565,-0.502,WARNING
21.81,74.13,0.175,-1.414,SAFE
26.28,44.08,0.065,0.016,SAFE
24.44,57.71,0.208,-0.042,SAFE
27.96,83.82,0.589,0.523,WARNING
28.56,82.37,0.105,0.055,SAFE
32.77,76.26,0.078,-0.106,SAFE
26.74,62.89,0.24,0.942,SAFE
25.98,66.0,0.088,-1.05,SAFE
25.58,63.43,0.131,0.429,SAFE
23.94,78.54,0.131,-1.337,SAFE
26.02,54.49,0.152,-0.671,SAFE
24.11,55.33,0.158,-0.97,SAFE
25.51,77.12,0.178,0.626,SAFE
28.95,64.47,0.036,-0.052,SAFE
21.98,81.54,0.027,-0.011,SAFE
28.42,56.94,0.956,-0.885,WARNING
28.95,64.34,0.13,-0.24,SAFE
24.65,53.93,0.216,-0.611,SAFE
18.63,65.09,0.058,0.307,SAFE
23.18,47.26,0.11,-0.793,SAFE
28.89,59.15,0.192,1.064,SAFE
24.93,47.76,0.166,-1.34,SAFE
22.0,73.33,0.122,-0.645,SAFE
23.49,73.6,0.049,1.342,SAFE
27.52,44.24,0.101,-0.348,SAFE
26.64,81.01,1.933,-1.052,WARNING
24.28,94.97,0.976,0.175,WARNING
23.9,65.55,0.073,-0.38,SAFE
23.82,57.31,0.176,-0.669,SAFE
22.23,95.0,3.222,-0.877,WARNING
29.85,49.17,1.834,2.215,WARNING
24.03,65.24,0.06,-0.201,SAFE
28.65,67.16,2.982,-1.54,WARNING
29.56,81.14,2.047,1.195,WARNING
27.99,69.32,0.12,0.489,SAFE
23.71,59.02,0.208,-0.613,SAFE
26.21,53.59,0.136,-0.746,SAFE
24.93,60.9,0.098,0.539,SAFE
22.29,52.92,0.125,-0.198,SAFE
25.97,65.57,1.785,-1.541,WARNING
21.46,58.23,0.215,1.43,SAFE
28.56,47.07,0.133,-0.347,SAFE
23.61,80.06,3.436,1.196,WARNING
25.6,59.03,2.974,1.023,WARNING
25.85,49.78,2.762,-0.801,WARNING
24.22,62.98,0.139,0.827,SAFE
26.76,65.82,3.566,-0.521,WARNING
23.58,44.04,0.193,-1.493,SAFE
27.61,68.98,0.089,-0.34,SAFE
20.96,52.43,0.14,0.318,SAFE
25.38,85.53,0.177,-0.37,SAFE
30.82,71.29,0.141,-0.246,SAFE
22.0,60.2,0.16,0.915,SAFE
22.97,56.06,0.072,0.085,SAFE
26.54,63.74,0.125,-0.675,SAFE
25.54,72.35,0.142,0.562,SAFE
26.05,64.69,0.026,0.158,SAFE
26.47,62.39,1.372,-2.017,WARNING
26.9,65.7,0.066,0.343,SAFE
28.33,57.75,0.083,0.313,SAFE
26.23,60.88,0.099,0.016,SAFE
24.28,40.0,0.16,0.713,SAFE
27.02,76.68,0.124,-0.538,SAFE
30.7,68.59,0.087,0.269,SAFE
24.6,55.72,0.164,-1.254,SAFE
22.08,87.78,0.076,0.326,SAFE
28.32,66.04,2.444,1.562,WARNING
24.64,52.57,0.147,-0.796,SAFE
18.48,75.28,0.106,-0.608,SAFE
27.54,69.78,3.272,-0.568,WARNING
23.39,69.73,0.126,0.104,SAFE
24.73,59.89,0.19,-0.85,SAFE
26.0,70.41,0.044,0.337,SAFE
25.57,61.86,3.034,0.677,WARNING
27.13,71.67,0.172,0.427,SAFE
23.69,42.14,0.109,-1.415,SAFE
26.54,59.79,0.13,0.796,SAFE
24.22,85.67,1.532,0.75,WARNING
27.22,55.8,1.329,0.664,WARNING
26.85,57.75,0.224,0.298,SAFE
22.19,59.62,0.106,0.176,SAFE
28.26,50.42,0.201,0.826,SAFE
23.39,40.0,1.963,1.539,WARNING
27.42,62.23,0.032,-0.762,SAFE
26.1,66.63,0.044,0.863,SAFE
30.51,64.37,4.397,-0.069,WARNING
24.33,63.26,0.027,-0.104,SAFE
23.95,65.52,0.154,-1.229,SAFE
24.94,77.27,0.079,-0.228,SAFE
24.09,62.71,0.042,-0.798,SAFE
27.4,58.11,0.202,-0.371,SAFE
20.15,61.63,0.215,-0.879,SAFE
21.84,71.95,0.037,-0.359,SAFE
21.8,81.94,5.0,-0.325,WARNING
27.85,57.46,0.17,0.077,SAFE
30.13,66.19,3.303,-1.292,WARNING
24.69,69.06,0.111,-1.156,SAFE
24.49,53.09,0.238,0.29,SAFE
25.21,65.25,0.098,-0.638,SAFE
28.49,47.41,0.046,0.86,SAFE
22.22,43.77,0.254,0.18,SAFE
25.72,69.4,0.095,0.485,SAFE
27.93,60.39,0.81,1.129,WARNING
26.5,67.43,0.228,-0.248,SAFE
25.57,64.79,0.206,-0.46,SAFE
28.0,53.28,0.145,0.697,SAFE
16.89,64.46,0.317,0.408,SAFE
27.03,50.2,0.152,-0.15,SAFE
23.04,81.69,1.598,1.113,WARNING
19.51,48.73,0.167,-0.17,SAFE
26.53,62.65,0.153,0.026,SAFE
29.12,52.49,0.017,0.017,SAFE
24.59,71.85,0.088,-0.748,SAFE
27.86,61.02,0.103,0.062,SAFE
29.84,58.78,0.15,1.117,SAFE
28.94,75.24,0.16,0.356,SAFE
29.92,65.35,0.204,0.025,SAFE
27.23,71.2,0.109,-0.129,SAFE
25.23,53.22,0.09,0.265,SAFE
20.19,48.14,0.139,0.6,SAFE
24.26,66.29,0.145,0.487,SAFE
22.47,61.17,0.195,-0.265,SAFE
31.51,72.52,0.122,0.26,SAFE
24.47,64.04,0.067,0.384,SAFE
25.37,67.46,0.136,-0.806,SAFE
26.65,45.52,0.059,0.135,SAFE
25.13,87.66,8.35,-1.729,DANGER
30.09,63.03,0.149,0.386,SAFE
23.13,73.37,0.102,0.528,SAFE
25.58,54.97,0.063,0.598,SAFE
22.77,68.7,0.161,-0.316,SAFE
21.04,49.37,0.053,0.247,SAFE
23.16,70.42,1.707,1.139,WARNING
24.89,60.73,2.488,1.131,WARNING
23.71,65.35,2.401,-0.023,WARNING
22.92,73.38,0.057,0.111,SAFE
20.78,50.21,0.054,0.889,SAFE
24.75,56.79,0.094,-1.201,SAFE
20.49,70.49,0.279,-0.258,SAFE
27.28,90.18,13.517,1.068,DANGER
25.25,63.34,0.138,0.78,SAFE
20.63,72.09,0.208,0.295,SAFE
24.07,63.72,0.077,-1.205,SAFE
22.74,88.31,0.5,-0.04,WARNING
25.96,44.03,0.065,-0.472,SAFE
29.02,66.14,0.186,0.265,SAFE
19.37,45.49,0.098,-0.647,SAFE
25.35,40.0,0.108,-0.821,SAFE
24.52,68.57,1.443,-1.652,WARNING
27.01,66.67,0.083,0.977,SAFE
25.64,61.58,0.145,-0.32,SAFE
22.74,63.73,0.072,0.126,SAFE
24.04,95.0,0.734,-0.002,WARNING
22.61,61.9,0.132,-0.854,SAFE
28.23,71.12,0.114,-1.007,SAFE
25.06,57.21,0.141,-0.804,SAFE
35.52,76.46,1.735,-0.418,WARNING
30.23,71.43,5.587,0.709,DANGER
25.35,69.95,3.017,0.31,WARNING
25.69,92.69,8.58,3.096,DANGER
25.12,86.41,15.801,2.088,DANGER
25.76,76.26,3.135,1.757,WARNING
30.67,43.68,2.472,1.016,WARNING
34.16,69.71,6.33,1.996,DANGER
24.95,95.0,3.079,0.715,WARNING
33.59,70.88,3.049,1.37,WARNING
31.65,84.81,8.458,0.645,DANGER
30.84,92.3,7.555,2.08,DANGER
35.87,74.51,10.277,1.558,DANGER
33.15,56.76,4.404,1.295,WARNING
32.38,50.77,11.757,1.337,DANGER
27.57,76.88,7.72,0.978,DANGER
26.92,65.6,10.466,1.605,DANGER
28.49,73.56,4.199,0.601,WARNING
28.56,60.35,4.354,-0.812,WARNING
29.36,72.14,12.655,0.702,DANGER
30.01,73.72,12.148,3.123,DANGER
32.53,76.87,13.821,3.173,DANGER
24.98,60.11,4.381,1.445,WARNING
29.22,80.64,9.349,1.538,DANGER
30.8,65.62,3.638,0.802,WARNING
30.46,49.08,9.453,2.399,DANGER
26.94,71.83,12.171,1.792,DANGER
34.45,69.71,2.457,1.038,WARNING
31.02,71.2,8.399,1.724,DANGER
28.79,94.09,3.465,0.507,WARNING
34.27,73.4,7.749,2.27,DANGER
35.0,71.68,5.0,0.841,WARNING
35.04,60.55,8.969,2.871,DANGER
34.15,82.44,11.81,2.031,DANGER
32.07,77.36,8.707,1.652,DANGER
35.33,66.47,10.783,1.569,DANGER
32.13,53.76,9.009,2.604,DANGER
31.2,90.31,6.252,1.909,DANGER
30.38,57.85,14.572,1.42,DANGER
32.91,66.91,10.808,1.799,DANGER
33.05,76.57,8.797,2.271,DANGER
27.98,60.77,3.093,2.559,WARNING
34.25,54.71,10.606,1.652,DANGER
32.47,50.75,11.994,1.433,DANGER
33.55,86.74,4.066,-0.334,WARNING
27.23,65.85,5.0,2.918,WARNING
40.39,95.0,14.626,2.627,DANGER
29.1,64.2,4.544,1.454,WARNING
34.72,62.48,7.042,1.557,DANGER
33.06,69.56,9.954,1.24,DANGER
29.3,79.63,12.928,2.948,DANGER
36.44,72.76,4.136,0.883,WARNING
28.0,80.78,11.467,0.951,DANGER
32.7,60.78,4.506,1.433,WARNING
34.16,57.95,13.587,2.439,DANGER
34.66,51.07,12.396,2.632,DANGER
38.48,52.35,9.611,0.318,DANGER
33.98,66.06,15.619,2.041,DANGER
36.15,79.25,15.18,1.507,DANGER
37.43,72.27,10.968,2.905,DANGER
29.08,91.02,10.276,3.991,DANGER
33.05,93.5,8.874,0.812,DANGER
33.9,67.33,4.894,1.375,WARNING
27.0,62.41,4.696,1.499,WARNING
36.54,67.89,13.32,1.867,DANGER
27.4,69.01,11.382,2.688,DANGER
36.87,63.21,14.694,2.471,DANGER
36.83,69.85,12.397,2.896,DANGER
28.72,65.71,17.9,2.169,DANGER
27.9,72.64,13.198,3.208,DANGER
28.23,67.81,12.481,3.968,DANGER
31.84,76.44,12.911,1.911,DANGER
32.22,79.18,12.157,3.629,DANGER
33.77,67.12,13.68,2.341,DANGER
36.69,88.88,13.278,3.924,DANGER
35.71,63.57,17.119,2.885,DANGER
31.9,60.25,14.721,3.345,DANGER
31.12,90.15,8.639,2.57,DANGER
27.19,69.5,11.162,2.165,DANGER
28.95,79.08,13.822,2.106,DANGER
36.63,51.98,11.862,3.026,DANGER
37.2,94.99,10.9,2.403,DANGER
32.25,85.3,14.484,3.649,DANGER
33.23,63.09,9.905,1.582,DANGER
34.02,61.39,11.636,2.571,DANGER
33.54,95.0,12.925,2.5,DANGER
32.68,68.89,15.55,3.725,DANGER
37.05,72.75,14.424,2.564,DANGER
33.31,53.39,12.334,0.68,DANGER
37.66,71.87,11.742,1.934,DANGER
37.1,82.89,15.266,0.707,DANGER
36.44,82.3,12.587,3.032,DANGER
33.6,60.29,7.929,3.221,DANGER
35.72,59.27,15.511,4.348,DANGER
32.89,92.43,14.615,3.294,DANGER
32.77,95.0,18.936,3.279,DANGER
34.77,65.32,12.525,2.797,DANGER
40.38,91.78,14.448,2.81,DANGER
37.65,87.63,8.055,1.538,DANGER
36.31,94.21,14.765,2.435,DANGER
27.09,64.16,0.178,-1.194,SAFE
24.0,40.0,0.14,1.036,SAFE
28.52,63.18,0.142,-0.13,SAFE
26.11,77.72,0.191,0.956,SAFE
24.68,54.28,0.119,-0.384,SAFE
26.34,60.34,0.131,0.215,SAFE
20.29,62.89,0.081,0.167,SAFE
21.62,40.0,0.071,-0.036,SAFE
21.42,85.06,0.171,-0.346,SAFE
25.43,54.18,0.107,0.314,SAFE
30.2,71.07,0.977,-0.741,WARNING
31.69,63.96,1.188,-0.968,WARNING
26.91,80.09,0.88,0.994,WARNING
26.5,69.87,0.184,0.582,SAFE
19.6,62.18,0.263,0.053,SAFE
23.37,54.28,0.224,1.332,SAFE
22.64,74.57,0.075,-0.214,SAFE
23.14,42.52,0.157,1.058,SAFE
24.5,72.75,0.172,0.14,SAFE
23.58,51.81,0.066,-0.82,SAFE
19.06,80.03,4.253,1.478,WARNING
27.24,66.94,3.064,0.793,WARNING
21.78,72.73,0.036,-0.097,SAFE
25.72,65.98,3.138,0.582,WARNING
31.22,43.97,0.05,-0.323,SAFE
22.24,54.67,0.288,0.663,SAFE
17.41,73.07,1.96,-1.913,WARNING
24.14,67.0,0.087,-0.816,SAFE
28.3,79.17,0.084,0.783,SAFE
30.88,69.84,0.104,-0.2,SAFE
21.31,53.4,0.07,0.166,SAFE
26.49,55.45,1.13,-1.077,WARNING
23.6,66.24,0.118,1.478,SAFE
24.68,40.0,0.144,0.952,SAFE
32.93,85.08,0.955,-0.161,WARNING
20.49,70.3,0.139,-0.324,SAFE
25.76,79.72,0.063,0.824,SAFE
26.4,46.03,1.265,1.586,WARNING
28.26,79.93,0.121,0.763,SAFE
25.29,91.78,5.0,1.737,DANGER
25.92,49.15,0.161,-0.738,SAFE
23.83,74.26,2.941,-0.656,WARNING
25.81,65.01,0.002,-0.951,SAFE
23.97,46.47,3.261,0.353,WARNING
26.86,70.91,0.217,0.14,SAFE
23.89,75.0,0.098,-0.122,SAFE
26.13,57.79,0.123,0.647,SAFE
24.91,78.99,0.23,0.986,SAFE
28.38,45.0,0.154,-1.221,SAFE
24.85,47.06,0.151,-0.478,SAFE
19.68,66.64,0.119,0.656,SAFE
28.79,65.3,0.113,-0.374,SAFE
22.28,56.4,2.015,-0.639,WARNING
23.04,74.72,0.113,0.815,SAFE
23.21,71.37,0.212,-1.032,SAFE
29.12,75.3,0.081,-0.241,SAFE
18.59,63.52,0.063,0.263,SAFE
34.41,72.23,0.111,-0.459,SAFE
28.17,59.65,0.14,0.627,SAFE
25.67,89.65,2.265,-0.455,WARNING
24.84,55.25,0.132,1.127,SAFE
25.86,90.26,2.195,-0.101,WARNING
26.56,65.42,0.096,0.537,SAFE
26.94,48.49,0.078,0.597,SAFE
26.67,81.42,0.5,-0.502,WARNING
25.27,66.51,1.212,-1.643,WARNING
24.41,75.21,0.076,0.289,SAFE
24.55,79.69,0.092,0.058,SAFE
24.42,69.06,0.17,0.445,SAFE
28.4,57.89,0.142,-0.181,SAFE
26.78,76.71,0.034,-0.344,SAFE
16.18,65.01,1.142,1.607,WARNING
26.97,73.23,0.113,-1.178,SAFE
25.58,40.0,0.174,0.587,SAFE
24.94,70.36,0.046,-0.46,SAFE
23.83,57.34,0.101,-0.269,SAFE
28.37,84.84,3.485,-0.254,WARNING
27.84,72.48,0.226,-0.643,SAFE
22.68,67.88,0.113,0.457,SAFE
26.22,70.84,0.127,1.113,SAFE
22.09,53.02,0.116,0.376,SAFE
20.86,84.48,1.985,0.083,WARNING
23.12,88.9,0.743,-0.789,WARNING
27.59,69.71,0.064,0.413,SAFE
27.86,84.08,1.78,1.725,WARNING
26.54,58.17,0.026,-0.305,SAFE
27.18,55.43,0.085,-0.301,SAFE
26.55,65.49,0.122,-0.449,SAFE
23.08,70.22,0.092,-0.392,SAFE
26.3,60.27,1.72,-2.196,WARNING
27.4,71.45,0.107,0.324,SAFE
27.26,68.68,0.122,-0.676,SAFE
28.57,53.02,0.69,-1.288,WARNING
27.12,71.23,0.214,0.603,SAFE
26.05,75.36,1.485,-0.866,WARNING
28.21,67.06,0.0,-0.271,SAFE
24.92,78.83,2.016,1.173,WARNING
22.35,50.39,0.166,-1.127,SAFE
24.51,70.62,2.636,-1.226,WARNING
22.77,50.96,0.15,0.215,SAFE
